shot_id,shot_made_flag
1,0.482176495
8,0.49478012
17,0.406683456
20,0.394115782
33,0.483760607
34,0.483310705
35,0.410714776
36,0.410340428
37,0.410177787
38,0.479501532
45,0.389992832
50,0.457796391
55,0.628978254
60,0.61272149
66,0.44747912
67,0.492967513
71,0.478213051
80,0.449501656
85,0.47839453
86,0.493830627
95,0.476904643
104,0.46785241
113,0.453641293
123,0.477275327
126,0.473170537
133,0.391537413
141,0.445782933
144,0.684182119
150,0.402195479
152,0.478024286
153,0.399010319
156,0.304500228
159,0.695218515
165,0.686470158
172,0.478123423
182,0.688501271
192,0.480738755
193,0.409189075
196,0.47964045
202,0.47008679
210,0.604140078
211,0.455730996
228,0.691328405
257,0.481980451
260,0.480479143
264,0.465200388
267,0.47174877
279,0.709446521
282,0.471458328
293,0.444157983
299,0.46182117
300,0.481313034
301,0.484826671
317,0.606980028
327,0.615031896
328,0.469002206
335,0.411957611
346,0.46808894
348,0.458693706
365,0.489694727
390,0.3811496
391,0.379643601
392,0.446635258
397,0.62249572
418,0.447011456
428,0.48668539
434,0.462687828
439,0.393258529
440,0.609579611
456,0.491790801
459,0.476441711
472,0.461791705
480,0.463029204
491,0.612676438
497,0.463964147
509,0.629331061
511,0.622404952
523,0.450722514
533,0.480715311
544,0.398928498
546,0.67001159
555,0.379838156
558,0.633503794
560,0.489129128
573,0.470819316
591,0.456882344
596,0.446434313
597,0.455048194
601,0.444145042
605,0.482107035
617,0.46929477
628,0.456809904
634,0.479645984
646,0.455331593
649,0.456016195
651,0.382001516
654,0.683745288
656,0.412813306
657,0.472405362
669,0.460797971
670,0.693875968
693,0.448222837
694,0.438689444
699,0.487463727
711,0.459625167
718,0.483012215
722,0.475580011
723,0.624176091
725,0.466847887
734,0.482551604
735,0.410748636
737,0.47725774
746,0.466192374
747,0.462954288
766,0.620520158
767,0.478196388
771,0.478622054
773,0.460399917
774,0.47037188
783,0.468273447
784,0.623086164
789,0.470731338
792,0.605524094
804,0.604611901
809,0.471762228
812,0.475095961
813,0.614615748
817,0.457877686
820,0.462065647
825,0.45453785
826,0.448996524
829,0.686406104
855,0.625771224
859,0.407422032
862,0.617326072
870,0.614383379
876,0.483774482
880,0.481979834
886,0.704099249
889,0.470456662
891,0.393393086
897,0.689975229
902,0.634927364
903,0.478479663
908,0.62386222
909,0.479362533
920,0.603091982
922,0.481139616
924,0.483313804
932,0.621982943
934,0.613837035
937,0.599145277
941,0.487799201
943,0.482595182
950,0.476892833
952,0.464818713
954,0.695912784
963,0.455400075
975,0.479341252
979,0.476076208
981,0.455985473
983,0.67303312
985,0.394568466
989,0.384214306
995,0.481020026
998,0.408344759
1008,0.449706331
1019,0.408734692
1023,0.46591533
1026,0.467527045
1029,0.467782985
1034,0.462476539
1036,0.451211954
1038,0.456974774
1039,0.451897622
1051,0.306303243
1052,0.481538591
1066,0.454833075
1087,0.446391919
1092,0.451815583
1094,0.490884608
1098,0.473559787
1099,0.620831039
1102,0.607437141
1118,0.479381332
1131,0.477015226
1133,0.409074408
1135,0.707650946
1138,0.399168118
1139,0.701007797
1142,0.607275432
1151,0.405836239
1152,0.479562523
1155,0.395183674
1165,0.463459586
1167,0.68633069
1172,0.380300414
1174,0.481618734
1180,0.400804814
1200,0.466824123
1202,0.467853145
1227,0.473061327
1228,0.393078641
1229,0.469242055
1237,0.412636209
1241,0.460204893
1256,0.488988022
1279,0.464257214
1293,0.389358072
1295,0.462603194
1319,0.391607485
1320,0.467385149
1321,0.457570505
1322,0.455947046
1334,0.590389956
1351,0.382469052
1373,0.463220513
1375,0.467904345
1380,0.384782149
1382,0.475550508
1385,0.307246732
1399,0.469803298
1403,0.702434478
1428,0.476383689
1434,0.602477138
1444,0.709048198
1448,0.668960314
1466,0.46933353
1476,0.45789737
1478,0.47234486
1485,0.461075122
1491,0.388328669
1494,0.460288048
1500,0.409191959
1501,0.477684603
1503,0.474281126
1519,0.401967698
1524,0.454806098
1529,0.456005053
1533,0.380920854
1538,0.711805204
1539,0.477275106
1546,0.391367844
1555,0.45150002
1559,0.48616487
1563,0.456930514
1565,0.384438984
1574,0.480900093
1591,0.455317831
1594,0.49500213
1605,0.465916943
1611,0.464582316
1614,0.462373659
1620,0.481908644
1626,0.48126834
1630,0.462863011
1632,0.613150226
1634,0.453874156
1643,0.457841263
1651,0.469727246
1655,0.468057997
1658,0.465768128
1659,0.461653281
1665,0.483383199
1675,0.442498509
1680,0.684497048
1690,0.462268988
1696,0.479299862
1714,0.475969579
1721,0.458679076
1726,0.486645389
1728,0.485238282
1734,0.471558391
1735,0.471045251
1740,0.445665117
1744,0.489765498
1747,0.485640892
1752,0.474228942
1763,0.383007029
1765,0.381533406
1769,0.47659794
1785,0.490460879
1787,0.484964731
1788,0.411504926
1793,0.474734547
1800,0.476917766
1825,0.484315391
1826,0.40797706
1834,0.62050012
1843,0.596913626
1844,0.596532713
1848,0.482953665
1849,0.410769644
1860,0.39425316
1863,0.393022327
1875,0.487256558
1883,0.453808588
1890,0.634046786
1892,0.466335467
1893,0.465716563
1897,0.448943449
1905,0.475170902
1908,0.458853251
1931,0.466011335
1940,0.694056294
1943,0.463641083
1947,0.599255066
1965,0.439456235
1967,0.48134089
1968,0.47837257
1972,0.399376391
1982,0.467315566
1985,0.462491412
2005,0.474383981
2010,0.451013484
2021,0.484661742
2024,0.491903887
2036,0.482045175
2043,0.470690061
2047,0.467178609
2049,0.457202145
2055,0.453034524
2065,0.471378761
2066,0.474206249
2070,0.456623486
2077,0.703107133
2085,0.461590523
2095,0.479151974
2097,0.40871714
2108,0.392067928
2112,0.375242949
2113,0.407409968
2122,0.469818813
2139,0.478333183
2144,0.474584405
2146,0.465718201
2148,0.614676744
2149,0.392236157
2157,0.59749403
2159,0.480943891
2168,0.475541625
2176,0.380407594
2178,0.373346115
2181,0.453153651
2187,0.496291727
2188,0.486473964
2190,0.490344901
2194,0.409032592
2197,0.467086539
2214,0.608753463
2217,0.609715057
2222,0.484636835
2223,0.487841421
2226,0.478498721
2230,0.392841757
2240,0.291248307
2247,0.595942014
2250,0.478600728
2259,0.476288359
2262,0.465748875
2266,0.60667148
2305,0.461884385
2310,0.451280835
2313,0.410028822
2319,0.473130762
2320,0.473833608
2345,0.451643264
2350,0.412928681
2356,0.483434971
2360,0.468926218
2370,0.625959214
2386,0.451100738
2398,0.612372405
2414,0.406493996
2435,0.399172512
2439,0.30049407
2446,0.389616556
2458,0.48770242
2465,0.470555855
2466,0.462943635
2470,0.453601442
2495,0.37951457
2501,0.463294249
2507,0.446756354
2533,0.597809748
2537,0.483389756
2538,0.485657761
2541,0.476366731
2542,0.399306008
2544,0.569278458
2554,0.442086532
2555,0.461998979
2565,0.306616502
2575,0.390481886
2586,0.410243514
2588,0.482583194
2594,0.393086599
2617,0.385132459
2618,0.441193958
2623,0.713474702
2631,0.400359387
2640,0.44931111
2642,0.383141068
2647,0.488141396
2663,0.456428988
2664,0.441383475
2676,0.467866333
2680,0.695493635
2681,0.459738373
2691,0.48044405
2693,0.477880158
2695,0.401511244
2704,0.455374772
2708,0.632280122
2709,0.711275005
2717,0.392946894
2722,0.481161414
2728,0.482014857
2732,0.397793263
2743,0.405158298
2752,0.477557879
2757,0.406596879
2761,0.400622823
2769,0.452010647
2771,0.390003159
2774,0.459038733
2776,0.453947791
2781,0.466792505
2793,0.48795434
2799,0.652537577
2803,0.448377987
2811,0.48711824
2818,0.481020475
2824,0.39067807
2828,0.409853913
2829,0.486256374
2830,0.479189791
2842,0.37936641
2847,0.408875895
2848,0.487522997
2868,0.484667567
2870,0.465815536
2885,0.4711682
2886,0.470168481
2889,0.461364958
2903,0.470088712
2904,0.398011548
2918,0.4559385
2919,0.459743835
2922,0.481756125
2923,0.465233892
2931,0.475423022
2945,0.490398746
2955,0.470800498
2957,0.412691153
2960,0.409065999
2963,0.485706269
2966,0.70092707
2972,0.457208872
2974,0.452427573
2982,0.460113978
2984,0.44806603
3016,0.402532438
3021,0.460838301
3023,0.684486446
3025,0.483605948
3029,0.475031955
3034,0.389309196
3038,0.461726819
3040,0.485437539
3051,0.476715183
3062,0.48528261
3069,0.45709848
3071,0.458173827
3076,0.701012759
3079,0.456664232
3081,0.472370915
3082,0.461951219
3084,0.468084598
3098,0.614898865
3104,0.608385905
3105,0.4597978
3114,0.409381408
3118,0.480187793
3122,0.477427113
3132,0.446164426
3138,0.471164806
3141,0.409526451
3156,0.41346276
3162,0.39332865
3167,0.607539325
3170,0.448811449
3171,0.45653135
3172,0.454027709
3176,0.704187262
3180,0.458730659
3189,0.436606418
3198,0.475507202
3206,0.485079738
3215,0.398637219
3222,0.394194254
3228,0.467968443
3229,0.467110566
3232,0.464086509
3233,0.45203779
3238,0.458488982
3256,0.408882463
3264,0.467546161
3273,0.483057866
3275,0.488605406
3285,0.60001129
3289,0.471197276
3294,0.63431912
3306,0.625690459
3311,0.397807793
3318,0.470247069
3322,0.456552664
3324,0.460900425
3334,0.450701686
3341,0.472734642
3345,0.46610661
3346,0.70111705
3352,0.457515996
3368,0.452538165
3371,0.600692256
3372,0.481687808
3375,0.48070379
3384,0.470600883
3387,0.474788249
3393,0.484012692
3406,0.460738142
3411,0.446499873
3412,0.378493178
3414,0.452729204
3417,0.380525567
3420,0.402513469
3423,0.392601077
3436,0.468274485
3438,0.393709205
3442,0.458037662
3443,0.459119804
3451,0.458147137
3461,0.488902996
3489,0.450600585
3491,0.452015159
3510,0.461380385
3515,0.45945847
3527,0.486232244
3530,0.410283573
3540,0.601367401
3582,0.460049434
3604,0.383278363
3605,0.454087527
3609,0.477221313
3624,0.480460082
3628,0.393424583
3630,0.464385587
3641,0.480803896
3642,0.483863646
3648,0.612142218
3650,0.695897733
3652,0.710533823
3660,0.460445532
3664,0.449384953
3670,0.473716223
3672,0.488110482
3680,0.399181313
3682,0.702429137
3685,0.458694014
3686,0.467649579
3689,0.463613062
3705,0.469952022
3712,0.467638354
3713,0.457282861
3719,0.463940391
3721,0.452453041
3723,0.465645135
3724,0.461310143
3727,0.443448229
3733,0.487043516
3734,0.484219638
3742,0.472491862
3770,0.464990455
3777,0.602658884
3778,0.596730258
3780,0.489477656
3783,0.473109807
3784,0.479635219
3788,0.47018613
3790,0.469582686
3794,0.670032085
3795,0.469649541
3796,0.458336459
3801,0.45913528
3806,0.485353073
3813,0.464626162
3814,0.464982511
3818,0.296550817
3824,0.478555977
3836,0.451048127
3853,0.470529962
3855,0.485553909
3858,0.409684582
3861,0.407654117
3866,0.449070265
3870,0.457719537
3874,0.691054633
3876,0.464342918
3878,0.448347343
3890,0.622387824
3900,0.6956069
3904,0.612917911
3906,0.60017158
3907,0.604856736
3908,0.603591492
3912,0.408472705
3918,0.694752468
3923,0.710083278
3924,0.630544206
3925,0.407460605
3927,0.466647479
3955,0.700299267
3964,0.38489581
3969,0.380669929
3974,0.406938316
3976,0.40277342
3984,0.457904963
3991,0.633064659
3993,0.7124642
4009,0.471877886
4011,0.482834457
4020,0.451316556
4033,0.61412734
4041,0.488150519
4045,0.709612394
4052,0.398748663
4055,0.462677771
4056,0.464043705
4057,0.463388166
4067,0.686453102
4069,0.489016594
4077,0.473346918
4094,0.600352637
4095,0.598196774
4100,0.471529625
4119,0.460680647
4130,0.408275974
4131,0.476431107
4132,0.490897029
4134,0.406255005
4137,0.700257039
4138,0.472092752
4143,0.465720084
4145,0.388403229
4148,0.441726937
4163,0.62022643
4166,0.46691387
4169,0.392044337
4170,0.608554122
4174,0.390959136
4180,0.457886534
4199,0.694716256
4201,0.490662383
4203,0.633526729
4210,0.608416
4211,0.480402452
4213,0.70221534
4225,0.613838546
4235,0.491361606
4242,0.478773703
4245,0.468735933
4250,0.462076828
4252,0.467355268
4254,0.390997854
4263,0.38366771
4264,0.383101353
4268,0.601849825
4270,0.484475526
4282,0.399364725
4283,0.45757641
4291,0.462131281
4304,0.487252184
4306,0.48242921
4309,0.485371936
4310,0.480903087
4313,0.486073937
4314,0.47506009
4315,0.470917294
4321,0.606830568
4324,0.606314275
4325,0.448636757
4328,0.455020763
4329,0.594012539
4332,0.446429427
4337,0.431782016
4342,0.480025422
4344,0.482344096
4352,0.464091973
4355,0.620188763
4366,0.456048489
4371,0.473297718
4372,0.480499574
4376,0.487321492
4384,0.470938734
4387,0.477172399
4389,0.614517003
4390,0.468291065
4406,0.621960478
4407,0.402947254
4409,0.706490035
4410,0.401940364
4424,0.462967997
4434,0.483548787
4452,0.296088861
4460,0.634075107
4470,0.394703675
4480,0.450666312
4496,0.696346784
4503,0.448808482
4512,0.484598003
4518,0.400848272
4519,0.621384704
4522,0.465803063
4525,0.459121988
4537,0.494441858
4546,0.464371185
4547,0.699588675
4553,0.452433608
4556,0.605575182
4558,0.436888975
4563,0.629620103
4568,0.472909684
4574,0.389042607
4578,0.465998096
4587,0.476908202
4592,0.468403806
4610,0.483403705
4615,0.306568779
4619,0.607498355
4620,0.466939826
4625,0.460206179
4635,0.479323955
4636,0.483912051
4641,0.460699399
4650,0.453289207
4653,0.710974658
4665,0.435349097
4668,0.707766196
4669,0.62709246
4670,0.462954388
4674,0.464959298
4675,0.459732439
4676,0.388871582
4679,0.44226341
4680,0.686905164
4686,0.491183074
4699,0.467479247
4713,0.411817496
4718,0.458824009
4721,0.452493397
4722,0.45098452
4724,0.480246824
4730,0.702540629
4731,0.482310963
4735,0.616802421
4743,0.61093505
4745,0.464353242
4746,0.44963862
4747,0.453758333
4748,0.439804896
4769,0.450821539
4771,0.598414662
4774,0.477254902
4784,0.461012261
4797,0.488426174
4801,0.489165161
4804,0.627719926
4820,0.454234652
4833,0.608152347
4834,0.605239125
4851,0.464492504
4859,0.602093861
4860,0.684202371
4863,0.626231728
4873,0.606288681
4881,0.444890044
4892,0.604170185
4908,0.393653395
4911,0.456556074
4915,0.454554477
4922,0.468052338
4929,0.39201052
4936,0.597633664
4939,0.483649516
4951,0.465274579
4956,0.460371671
4961,0.453303539
4964,0.455560343
4981,0.449731412
4991,0.709592349
4992,0.487146714
4997,0.480542188
5004,0.492614784
5010,0.482203896
5012,0.470061223
5015,0.619545712
5020,0.457501265
5030,0.458073358
5051,0.698269076
5052,0.393073476
5057,0.515251784
5058,0.410548757
5060,0.474959531
5061,0.652881366
5064,0.394704018
5078,0.412421011
5080,0.408250798
5088,0.606941074
5089,0.38823606
5090,0.459834588
5103,0.66737798
5108,0.481405304
5114,0.47052209
5115,0.468341995
5124,0.471607185
5137,0.412789258
5139,0.481981754
5144,0.461875168
5149,0.409821795
5157,0.459390383
5163,0.461631889
5174,0.471401924
5176,0.39396033
5179,0.460482538
5186,0.410796388
5203,0.451669037
5204,0.382913906
5206,0.456576204
5207,0.4543938
5220,0.472403216
5221,0.398581674
5224,0.612816765
5227,0.464392016
5229,0.463714329
5232,0.712064661
5240,0.392410802
5242,0.475312902
5243,0.490746644
5245,0.466275127
5248,0.402469906
5249,0.463008757
5254,0.463288006
5269,0.486180596
5272,0.619211253
5276,0.615298014
5286,0.410387325
5290,0.479839537
5308,0.380156022
5316,0.610355489
5318,0.39192404
5319,0.612347638
5320,0.590255149
5322,0.603630851
5324,0.452104414
5331,0.467759726
5336,0.698985007
5344,0.408420377
5354,0.456212197
5356,0.600268296
5358,0.444677231
5361,0.477297992
5365,0.397753485
5370,0.45332001
5376,0.59729617
5383,0.613489401
5384,0.458146057
5385,0.453499232
5393,0.401453652
5397,0.6115768
5398,0.458715878
5402,0.457957418
5407,0.357676346
5409,0.615781174
5425,0.402422021
5428,0.396950115
5430,0.468707369
5442,0.453971018
5447,0.411970517
5470,0.466932374
5485,0.596790403
5493,0.487371209
5502,0.459965326
5504,0.614555871
5517,0.469420644
5522,0.470019813
5527,0.392366146
5528,0.44891213
5536,0.475912478
5545,0.473781982
5576,0.482874195
5577,0.478183796
5592,0.467008782
5594,0.469188123
5595,0.599811961
5596,0.604389042
5599,0.489145463
5606,0.402660418
5617,0.598680168
5625,0.479130638
5626,0.484595122
5627,0.400906857
5642,0.381759357
5659,0.712624607
5664,0.404997239
5666,0.481011155
5671,0.445287589
5674,0.599536757
5677,0.491025368
5681,0.628563356
5683,0.620650425
5700,0.381706892
5713,0.401548946
5715,0.401087583
5718,0.606028731
5726,0.449644219
5738,0.620340164
5741,0.473375244
5743,0.464854464
5753,0.381854362
5761,0.485163826
5789,0.575460984
5797,0.60483252
5803,0.48451605
5810,0.393026364
5813,0.468244263
5817,0.449689158
5818,0.378103427
5822,0.471765238
5829,0.583573873
5846,0.305155392
5847,0.479847129
5854,0.467640543
5858,0.382294005
5863,0.454164959
5869,0.457523067
5870,0.450043006
5876,0.472775669
5881,0.445161693
5901,0.46292987
5922,0.452388383
5928,0.41219893
5933,0.399292111
5934,0.392339176
5946,0.480452476
5951,0.473573078
5955,0.620168848
5956,0.698464927
5965,0.598374949
5972,0.48230908
5981,0.459264225
5997,0.395311086
6005,0.467211316
6009,0.447105545
6010,0.455854583
6015,0.623426104
6039,0.448245026
6047,0.414579583
6051,0.618205998
6056,0.466386878
6061,0.454440077
6064,0.453665148
6065,0.486373207
6070,0.485951912
6085,0.390322722
6086,0.46865986
6091,0.411997238
6097,0.471006365
6099,0.4019237
6104,0.397797839
6108,0.392970733
6109,0.392234314
6124,0.397311701
6142,0.388862819
6144,0.660671609
6150,0.687865949
6154,0.411959445
6155,0.473048312
6156,0.712599606
6158,0.62433942
6159,0.710842477
6169,0.391162828
6170,0.59120198
6179,0.48040307
6184,0.478210012
6186,0.702391163
6204,0.584038967
6230,0.400224044
6231,0.465344862
6232,0.696889176
6235,0.613655224
6237,0.391412462
6239,0.602509766
6263,0.383406836
6265,0.658680324
6270,0.573387836
6271,0.483684525
6278,0.384823626
6279,0.412891808
6288,0.647136396
6294,0.457670081
6295,0.458069172
6302,0.479368469
6306,0.619624424
6322,0.704505744
6324,0.470211133
6327,0.476053888
6331,0.392218368
6334,0.450458564
6338,0.450281841
6339,0.449223163
6362,0.462581785
6372,0.393308729
6375,0.458722252
6393,0.477363112
6394,0.395226351
6405,0.688070344
6406,0.466128724
6416,0.488933923
6421,0.401623969
6422,0.478648925
6440,0.709733722
6457,0.382139405
6460,0.445411197
6463,0.411786599
6474,0.384981584
6476,0.453677646
6477,0.606145007
6482,0.40251384
6488,0.463864205
6489,0.47044093
6494,0.606473517
6499,0.493820428
6507,0.614157248
6524,0.600113794
6527,0.602963552
6531,0.601576525
6536,0.391620886
6538,0.601218423
6542,0.461006465
6565,0.457735112
6584,0.609172087
6588,0.459949568
6597,0.451733143
6603,0.408569041
6609,0.398409362
6613,0.392584698
6622,0.45249912
6630,0.626837954
6637,0.45859249
6639,0.390882787
6640,0.602457325
6646,0.628090698
6647,0.409278355
6648,0.708661955
6669,0.469377406
6680,0.585631867
6681,0.592770842
6684,0.576511359
6693,0.605705984
6694,0.611598244
6704,0.472221929
6706,0.408985968
6710,0.616951885
6713,0.471912625
6718,0.449507208
6732,0.627226822
6737,0.458826973
6739,0.6200351
6742,0.467068634
6746,0.466054335
6753,0.457045495
6771,0.454582194
6784,0.491458718
6790,0.706332999
6795,0.395068917
6807,0.455360102
6808,0.440592274
6818,0.4661987
6823,0.623327424
6830,0.409038784
6831,0.408202489
6832,0.478094878
6836,0.474394874
6846,0.648570867
6850,0.59928749
6854,0.5980946
6868,0.399423812
6876,0.463147569
6877,0.478866902
6881,0.628649059
6882,0.62578519
6884,0.477345934
6886,0.471119706
6901,0.627056695
6910,0.635090535
6913,0.488430648
6914,0.412214127
6918,0.406755811
6930,0.558169718
6941,0.475045636
6944,0.470477527
6945,0.4606622
6947,0.394108382
6949,0.382080565
6952,0.289680826
6963,0.469520349
6964,0.382595715
6972,0.398077912
6979,0.550510561
6981,0.59736913
6988,0.398668649
6990,0.466416654
6998,0.479967635
7004,0.625595504
7016,0.453720371
7027,0.615956143
7042,0.48623146
7056,0.462310704
7061,0.489328934
7069,0.476770503
7071,0.473279309
7088,0.491272331
7099,0.46585583
7108,0.455314719
7121,0.398031638
7125,0.39091003
7136,0.487954284
7149,0.448407542
7150,0.462074545
7151,0.45226481
7167,0.454467072
7177,0.379329125
7178,0.447740473
7183,0.4797741
7186,0.617455219
7190,0.473435796
7201,0.480452338
7202,0.63279043
7207,0.630319234
7213,0.612429932
7224,0.476550498
7225,0.458025293
7233,0.451797902
7239,0.471118388
7246,0.460031597
7248,0.467027583
7261,0.401525864
7264,0.615242732
7266,0.598814265
7274,0.603166181
7279,0.477420977
7293,0.602432676
7315,0.624195894
7322,0.470569989
7326,0.384646991
7341,0.62972181
7363,0.390737115
7365,0.455597195
7371,0.480426465
7377,0.609855382
7393,0.409706135
7405,0.472615775
7410,0.390230807
7434,0.450133038
7438,0.636811136
7447,0.487316106
7450,0.356381894
7452,0.645742891
7453,0.597517562
7455,0.634130148
7456,0.63315051
7457,0.711281659
7466,0.392785057
7470,0.381639041
7474,0.469528582
7487,0.487300117
7488,0.410485639
7492,0.406912733
7496,0.676044063
7501,0.567665075
7505,0.564165458
7512,0.600677835
7526,0.45274842
7536,0.494550642
7538,0.411219602
7539,0.47533885
7544,0.400367879
7554,0.452295176
7564,0.47675324
7566,0.490687431
7580,0.457398485
7581,0.445677755
7584,0.451805971
7587,0.597663642
7589,0.4788446
7590,0.482059259
7594,0.472421462
7597,0.471041378
7602,0.697280766
7603,0.468797568
7605,0.471983135
7609,0.461316388
7613,0.43848293
7619,0.480389677
7625,0.473479367
7626,0.402301046
7636,0.391704505
7639,0.389757955
7641,0.458300008
7643,0.687469797
7644,0.452952706
7657,0.46621461
7661,0.468391739
7666,0.460466834
7673,0.473460806
7683,0.399058886
7685,0.466821788
7699,0.467810011
7704,0.466964799
7705,0.480490004
7708,0.454997583
7728,0.468356915
7733,0.473952698
7741,0.388129382
7743,0.454346915
7745,0.605950535
7754,0.491035212
7756,0.482766416
7757,0.486754934
7770,0.4683581
7773,0.696028118
7774,0.459659633
7776,0.390875067
7777,0.612333444
7778,0.599659833
7781,0.38138963
7784,0.449405303
7789,0.41090589
7794,0.47458559
7799,0.480778124
7801,0.463244137
7818,0.45536171
7823,0.470660064
7828,0.469762457
7832,0.464525109
7839,0.454934335
7851,0.479079141
7856,0.463082828
7868,0.390316644
7869,0.609205801
7872,0.597629566
7874,0.604014186
7878,0.655780027
7888,0.468915607
7913,0.602521872
7923,0.468412858
7925,0.399206043
7926,0.467817188
7938,0.607545282
7942,0.379268213
7945,0.441106966
7954,0.464954706
7963,0.484890862
7969,0.46794934
7970,0.401581315
7977,0.391926598
7981,0.458833583
7990,0.445117438
8020,0.490873774
8023,0.623987474
8025,0.465650155
8034,0.399274555
8039,0.461632078
8046,0.457625202
8051,0.488382519
8055,0.629984828
8060,0.61490733
8063,0.603686157
8073,0.714059909
8074,0.6834584
8076,0.476615095
8080,0.471270706
8088,0.464132567
8102,0.591808199
8103,0.411640444
8104,0.411603658
8105,0.48709933
8109,0.470840422
8115,0.393074221
8121,0.477916365
8126,0.469596925
8135,0.454356038
8153,0.45390172
8156,0.456605953
8160,0.409454517
8161,0.471397743
8162,0.470844211
8171,0.621324456
8181,0.605503125
8183,0.60549724
8185,0.470263302
8191,0.712918553
8203,0.600077642
8204,0.413342003
8207,0.487470739
8208,0.487420551
8209,0.480749266
8210,0.482802305
8225,0.462791071
8226,0.605838592
8231,0.45446165
8233,0.60121719
8244,0.404686774
8250,0.609501927
8261,0.412598424
8265,0.480817647
8278,0.606269047
8279,0.605465727
8280,0.467398461
8296,0.370427272
8299,0.48929181
8300,0.665417908
8301,0.474543535
8305,0.485252747
8327,0.633145207
8334,0.475882573
8349,0.610049979
8355,0.605133606
8361,0.440782393
8362,0.450066221
8364,0.454627679
8365,0.454852385
8375,0.621712221
8378,0.469906915
8380,0.472370325
8381,0.474129444
8387,0.460951266
8399,0.380297236
8402,0.711544748
8409,0.61864134
8433,0.410352888
8436,0.468790284
8442,0.457394888
8448,0.453880679
8464,0.613177722
8469,0.456610738
8474,0.449067218
8478,0.473722458
8482,0.486707314
8490,0.62010666
8510,0.478418696
8511,0.477357957
8527,0.444878479
8532,0.591466937
8533,0.626438745
8538,0.490166653
8541,0.62471498
8545,0.484871334
8553,0.456054726
8554,0.456107878
8555,0.460320447
8569,0.603490676
8586,0.465330215
8593,0.615183946
8600,0.694796083
8606,0.443839113
8607,0.604187442
8611,0.460866497
8613,0.449776177
8618,0.408869137
8630,0.462218252
8637,0.44584316
8650,0.473439749
8652,0.651647589
8661,0.382778188
8669,0.630849594
8673,0.618355579
8674,0.618240627
8678,0.398688108
8682,0.600604783
8688,0.513002079
8689,0.408074838
8695,0.672937591
8698,0.469978327
8703,0.46024433
8709,0.62476803
8716,0.462072966
8723,0.598395568
8737,0.478869154
8753,0.4787146
8773,0.409841886
8774,0.622208505
8778,0.401030455
8786,0.468930016
8794,0.384738533
8795,0.440906316
8800,0.595144398
8804,0.486841996
8808,0.471596978
8809,0.472428294
8817,0.391391828
8818,0.459208066
8825,0.451111761
8830,0.484150409
8833,0.631960355
8834,0.628176384
8836,0.469765722
8837,0.620381861
8844,0.603204608
8851,0.625968367
8861,0.702871332
8864,0.470589018
8865,0.607916445
8869,0.604534369
8873,0.38115079
8880,0.485360848
8884,0.472507977
8888,0.455455961
8889,0.462784283
8891,0.382849138
8893,0.451662321
8897,0.48881775
8905,0.471527806
8910,0.400126835
8918,0.384399668
8939,0.614373371
8940,0.47160523
8941,0.66697057
8944,0.604796173
8949,0.454516846
8950,0.596958103
8958,0.489571127
8967,0.392155403
8975,0.453876623
8979,0.472140873
8980,0.620362165
8991,0.594085798
8995,0.591685689
8996,0.62370799
8998,0.406419242
9000,0.472628088
9001,0.397704258
9002,0.467096674
9024,0.47993984
9026,0.662332625
9027,0.488183579
9034,0.476154314
9038,0.608025223
9050,0.457487702
9052,0.489159142
9054,0.484998409
9078,0.409344819
9097,0.474412111
9109,0.603622222
9112,0.473688353
9115,0.631963472
9125,0.394057697
9132,0.459399383
9136,0.439758181
9139,0.453450934
9140,0.603289597
9142,0.44991416
9143,0.492234713
9147,0.474908651
9159,0.463533732
9165,0.383372548
9172,0.486114345
9177,0.619484001
9179,0.623591945
9185,0.472036099
9196,0.687217916
9201,0.48278112
9209,0.616289126
9210,0.475682823
9212,0.460285952
9214,0.459194003
9240,0.696258098
9241,0.451771018
9244,0.461503265
9249,0.596597869
9250,0.455693519
9255,0.480489001
9258,0.488679975
9263,0.619350533
9266,0.611007967
9269,0.460781569
9272,0.452264844
9276,0.379721151
9290,0.465394365
9299,0.606712751
9303,0.46067072
9310,0.597723808
9311,0.48847929
9314,0.489560417
9315,0.410296476
9325,0.399062601
9328,0.4776717
9329,0.396521444
9332,0.695627774
9337,0.392035658
9353,0.469453124
9355,0.481245096
9356,0.401121783
9362,0.457729949
9364,0.382384453
9366,0.381691069
9387,0.695018784
9388,0.696378296
9396,0.413207337
9400,0.627654479
9406,0.469484835
9411,0.467692559
9416,0.489805676
9417,0.409995082
9423,0.403015117
9425,0.308864465
9426,0.475320491
9427,0.475910756
9429,0.398309564
9430,0.460042459
9434,0.455759628
9442,0.483919284
9458,0.479724815
9476,0.449576041
9481,0.482824891
9483,0.480083148
9484,0.478076348
9487,0.406469793
9488,0.469981369
9490,0.613750934
9502,0.692849552
9505,0.609451165
9509,0.382590739
9515,0.484680015
9516,0.476557489
9532,0.447600885
9539,0.434892864
9542,0.37100174
9549,0.630663887
9550,0.489873863
9553,0.491781616
9554,0.462534679
9561,0.461229813
9566,0.469421654
9571,0.448155004
9577,0.480066517
9584,0.467704534
9592,0.466910157
9596,0.384017981
9602,0.59577165
9603,0.633506159
9604,0.412766177
9608,0.41121567
9609,0.47966431
9613,0.470753929
9623,0.607487073
9630,0.70660721
9633,0.472231472
9648,0.600588816
9665,0.402493161
9668,0.616081762
9678,0.455829932
9679,0.460654031
9693,0.399463151
9718,0.389985329
9720,0.38241431
9744,0.472311555
9745,0.614532848
9746,0.397193188
9753,0.614133513
9758,0.408528975
9759,0.471864974
9763,0.452437059
9766,0.603375523
9767,0.604744325
9777,0.460525539
9781,0.463681941
9789,0.659904504
9790,0.476245913
9799,0.442108955
9802,0.602520088
9805,0.410414397
9807,0.468266893
9812,0.47288575
9818,0.456947234
9820,0.41166776
9822,0.48743563
9824,0.410397856
9834,0.390915806
9836,0.461273182
9847,0.480328766
9864,0.711984699
9869,0.62270361
9875,0.457543551
9880,0.457469029
9889,0.400294629
9894,0.613229187
9909,0.711597348
9915,0.477034792
9919,0.465013159
9920,0.398731524
9940,0.478379801
9946,0.47437403
9958,0.410610591
9959,0.627377525
9973,0.465930063
9976,0.481571966
9978,0.616851408
9982,0.609892462
9987,0.657603774
9988,0.481583586
9992,0.487319643
10000,0.608411536
10002,0.462251079
10005,0.612614083
10008,0.464877023
10009,0.456720717
10011,0.442763356
10021,0.483746655
10022,0.407009192
10053,0.637726986
10074,0.608317677
10076,0.461909103
10090,0.372902477
10092,0.439191821
10099,0.473435718
10102,0.614699962
10103,0.621253574
10106,0.609067146
10108,0.695067375
10113,0.380556341
10119,0.592963226
10122,0.482924007
10125,0.486280483
10140,0.513110846
10155,0.446801302
10159,0.479815408
10164,0.452386743
10175,0.469346486
10176,0.462347825
10178,0.468621221
10186,0.413759031
10200,0.461645628
10204,0.384912392
10206,0.38192616
10211,0.633271548
10212,0.625628738
10217,0.484039549
10220,0.4019299
10230,0.392553436
10234,0.458342146
10235,0.450391035
10239,0.597532974
10240,0.453118302
10242,0.449495531
10245,0.595167971
10246,0.37192074
10247,0.579202063
10250,0.576820945
10254,0.411626372
10257,0.478324662
10260,0.478825699
10261,0.397899223
10265,0.617898902
10273,0.463481156
10274,0.60288508
10277,0.464918971
10289,0.686040092
10290,0.602432268
10298,0.466255203
10301,0.668139614
10304,0.390197167
10305,0.483431907
10313,0.470951248
10320,0.600627126
10323,0.448038969
10328,0.481234646
10332,0.702225512
10336,0.697199811
10343,0.617029828
10348,0.393156979
10350,0.470620531
10351,0.46591676
10354,0.601704064
10372,0.454950091
10373,0.472512355
10380,0.616475983
10383,0.458061961
10396,0.372286112
10397,0.412249527
10399,0.403711328
10400,0.402084197
10401,0.479554443
10402,0.47973224
10403,0.400264046
10410,0.694199602
10412,0.46126287
10415,0.457121444
10424,0.462831972
10428,0.466545254
10432,0.59661647
10462,0.400542348
10477,0.596272125
10482,0.620736694
10484,0.614207955
10493,0.453264907
10495,0.460304505
10497,0.450664028
10516,0.464140026
10521,0.455132851
10522,0.44645984
10523,0.439390478
10528,0.629787955
10530,0.475016656
10532,0.478814899
10533,0.624487295
10543,0.688388164
10547,0.457722991
10552,0.625167185
10558,0.478219988
10571,0.455644407
10572,0.601133301
10574,0.594803454
10583,0.407455831
10600,0.443607962
10607,0.485240694
10608,0.477696246
10614,0.608886605
10630,0.665188169
10634,0.485961828
10635,0.632837474
10641,0.407724868
10643,0.47754079
10644,0.400870754
10648,0.466580352
10669,0.617861389
10675,0.457991264
10686,0.407612812
10704,0.631567801
10707,0.630726915
10722,0.596489257
10736,0.386066311
10764,0.452046778
10767,0.389545505
10776,0.477590294
10779,0.392615641
10781,0.616217909
10792,0.404373221
10797,0.474385325
10798,0.621806453
10801,0.469598655
10802,0.462017042
10805,0.600285027
10808,0.45280349
10810,0.685577333
10816,0.483112902
10817,0.6262611
10829,0.384005895
10843,0.462009134
10858,0.381801805
10866,0.625348296
10876,0.46316951
10887,0.657488327
10891,0.581909919
10896,0.626030446
10900,0.468209225
10905,0.477087781
10907,0.464253559
10917,0.600311248
10936,0.383012074
10947,0.621734656
10948,0.399065376
10951,0.468874045
10955,0.605212898
10969,0.472502183
10984,0.450988516
10987,0.458586905
10990,0.601969116
10992,0.380573411
10996,0.482280177
10997,0.486966036
10999,0.483232207
11000,0.412304689
11001,0.627591702
11010,0.402050403
11016,0.394361709
11018,0.392058252
11034,0.712831225
11039,0.476501595
11041,0.470882358
11047,0.466924078
11053,0.463153191
11055,0.602327817
11056,0.46275919
11065,0.439248308
11068,0.47341885
11070,0.481856324
11071,0.481928305
11072,0.488848652
11079,0.402960661
11091,0.612027803
11094,0.465096438
11112,0.402712978
11113,0.40021365
11128,0.447617577
11153,0.458579392
11154,0.594756235
11163,0.476573069
11179,0.454111606
11181,0.454251011
11206,0.462329185
11216,0.492859589
11221,0.487148734
11223,0.40457324
11228,0.465626204
11235,0.464615952
11237,0.385031963
11244,0.595019509
11256,0.46086811
11267,0.461284695
11272,0.38496129
11281,0.483912945
11285,0.475166481
11288,0.402885904
11291,0.477356752
11293,0.461426465
11297,0.462575649
11298,0.4570811
11299,0.604619152
11301,0.449563945
11309,0.47218222
11331,0.488021393
11332,0.471501047
11337,0.623452014
11343,0.696478079
11347,0.612854691
11348,0.453366905
11355,0.686429542
11368,0.478841241
11369,0.479559695
11371,0.400400628
11378,0.467605458
11384,0.46317143
11387,0.454597197
11393,0.594891567
11399,0.470981617
11412,0.44621666
11431,0.609282021
11432,0.608348252
11444,0.686003488
11450,0.712291224
11451,0.481361979
11476,0.471416134
11488,0.459374449
11495,0.381439811
11505,0.464499705
11508,0.69767803
11518,0.400084507
11522,0.61785075
11524,0.393401522
11533,0.40174745
11549,0.380733797
11551,0.714390488
11560,0.61284269
11563,0.606287514
11565,0.38597791
11567,0.456916975
11569,0.480138507
11598,0.475566769
11604,0.474058386
11611,0.482055217
11617,0.399332123
11626,0.382401329
11642,0.458527621
11643,0.467979216
11648,0.487861234
11651,0.631192565
11663,0.622632894
11666,0.49889762
11685,0.406346042
11686,0.480116777
11698,0.60175087
11708,0.480154454
11711,0.472176574
11718,0.603444227
11742,0.604605362
11761,0.478025844
11767,0.476326143
11768,0.624406026
11775,0.469385427
11779,0.382331842
11786,0.709101136
11790,0.406604327
11791,0.468185413
11796,0.595964093
11806,0.49421864
11810,0.625525401
11811,0.624291135
11814,0.701626661
11816,0.60609401
11820,0.482438084
11822,0.464451499
11829,0.453881914
11832,0.452750329
11834,0.379991375
11836,0.454587416
11837,0.473366911
11844,0.770549676
11847,0.470082759
11864,0.410350415
11865,0.489012003
11872,0.47047328
11873,0.39332298
11886,0.409243434
11894,0.466137313
11905,0.454065095
11906,0.600042127
11907,0.482645763
11912,0.630420266
11914,0.408389426
11918,0.46933455
11924,0.606151685
11929,0.711948902
11930,0.630130562
11936,0.467287447
11937,0.473176684
11954,0.408180511
11957,0.47683089
11964,0.484060268
11968,0.59860175
11972,0.411942054
11976,0.478040555
11979,0.479445154
11981,0.61616404
11983,0.468652757
11989,0.597646122
11991,0.628265541
11998,0.62412823
12003,0.474571795
12007,0.608881906
12011,0.459977177
12014,0.447356364
12024,0.613838977
12033,0.450849344
12034,0.454820653
12041,0.628647337
12046,0.401123947
12056,0.485525308
12064,0.470899299
12069,0.469287261
12070,0.613310139
12071,0.61691982
12072,0.458261989
12078,0.603683398
12091,0.475030269
12092,0.411990318
12094,0.468112239
12098,0.470008619
12103,0.613488841
12115,0.40731387
12118,0.404414358
12122,0.473172628
12125,0.694311061
12133,0.485346145
12137,0.410253252
12141,0.615223998
12143,0.463595255
12144,0.391676256
12154,0.629177115
12163,0.46934829
12170,0.456678091
12193,0.611504807
12196,0.450135344
12206,0.472527277
12209,0.407972346
12214,0.475920376
12228,0.610502026
12233,0.440204085
12238,0.373082097
12242,0.446822485
12245,0.484199567
12247,0.481331514
12251,0.623452773
12287,0.465497337
12292,0.38850466
12304,0.676153945
12317,0.379105538
12320,0.408447495
12323,0.397823138
12328,0.466133743
12333,0.384274087
12334,0.453160982
12335,0.447646906
12352,0.391410722
12358,0.45270981
12364,0.476136438
12376,0.453603199
12396,0.468715463
12402,0.69417918
12406,0.457476292
12408,0.604853779
12410,0.685590939
12413,0.489038674
12417,0.48198214
12424,0.465035408
12425,0.608403155
12426,0.604651214
12430,0.470631442
12432,0.398052579
12433,0.470261855
12451,0.609232827
12457,0.492438266
12465,0.409663844
12468,0.480035688
12474,0.465107804
12475,0.391907752
12486,0.403646042
12487,0.478877194
12514,0.449685442
12524,0.704902334
12526,0.621173739
12530,0.614296251
12532,0.599470099
12593,0.477688586
12599,0.489465645
12600,0.685882305
12603,0.478633917
12624,0.711639415
12630,0.475750821
12638,0.482721111
12641,0.408967892
12643,0.402808156
12656,0.454089524
12666,0.471894607
12673,0.392934984
12675,0.457843337
12678,0.456683343
12692,0.612026882
12693,0.704724211
12707,0.447064378
12711,0.381156747
12716,0.475599927
12717,0.405092116
12723,0.491979903
12738,0.610786989
12742,0.63285223
12746,0.682400713
12753,0.390854072
12758,0.456634082
12760,0.602665917
12763,0.482379908
12764,0.486105666
12768,0.621264659
12776,0.456671701
12777,0.458596214
12783,0.684468213
12804,0.466910007
12824,0.616462009
12839,0.451988303
12847,0.459505848
12850,0.69637973
12867,0.400322565
12883,0.472352591
12887,0.623448598
12890,0.612690008
12903,0.448527623
12906,0.59551166
12907,0.599089289
12909,0.480078331
12912,0.487081957
12915,0.627780396
12930,0.743799146
12931,0.46122989
12934,0.455119321
12951,0.46143969
12955,0.467581974
12973,0.402531614
12988,0.614120927
12999,0.622695065
13015,0.454552044
13026,0.572414269
13036,0.597612278
13039,0.631917265
13040,0.475785487
13041,0.31490395
13043,0.703052802
13057,0.474205939
13064,0.606458271
13068,0.410403863
13069,0.491094989
13073,0.474085307
13079,0.393524495
13086,0.607293506
13089,0.485099224
13093,0.633990238
13097,0.401948282
13098,0.476309442
13105,0.613492456
13107,0.455139433
13108,0.564519733
13110,0.628553236
13112,0.474161954
13114,0.623434055
13118,0.615368384
13127,0.627692399
13129,0.630094509
13142,0.710243939
13146,0.401434332
13149,0.399081679
13157,0.476987759
13158,0.472068173
13159,0.455220126
13161,0.454814571
13162,0.463043544
13166,0.467766876
13168,0.466316612
13170,0.685920639
13186,0.485101279
13191,0.478217883
13203,0.457725701
13209,0.485336228
13212,0.462723394
13213,0.624402891
13222,0.466997924
13229,0.484105871
13234,0.455218694
13257,0.392202117
13258,0.61550546
13268,0.479242991
13270,0.471268116
13291,0.47673154
13292,0.762403965
13299,0.460303465
13307,0.687074058
13309,0.596114353
13311,0.483009318
13312,0.476470411
13322,0.609157848
13324,0.391290731
13330,0.485823788
13338,0.457425533
13344,0.458868761
13348,0.594788384
13355,0.478390497
13365,0.694034755
13368,0.468620345
13370,0.482247921
13372,0.496157302
13377,0.569345167
13385,0.382388704
13389,0.488695649
13393,0.411348201
13395,0.487191103
13404,0.450148423
13411,0.477521753
13416,0.472872567
13434,0.47738326
13435,0.479164356
13445,0.604909208
13446,0.627428011
13451,0.400847622
13462,0.465207394
13464,0.602673383
13466,0.455160004
13471,0.631241476
13472,0.407463355
13477,0.39822226
13481,0.461425022
13484,0.734380508
13490,0.624174679
13492,0.47879515
13500,0.44756866
13508,0.48124448
13516,0.59944567
13525,0.470372267
13526,0.395343689
13530,0.468102788
13532,0.612315179
13538,0.604819597
13546,0.479798599
13548,0.631007101
13550,0.392661601
13551,0.465710402
13564,0.474804135
13566,0.399501003
13570,0.464029573
13580,0.482374615
13585,0.484129424
13588,0.47971371
13592,0.393604556
13594,0.645260413
13609,0.48406895
13610,0.783256297
13613,0.619267297
13625,0.479555178
13626,0.40980132
13639,0.391570672
13645,0.686094673
13647,0.441332401
13648,0.459196614
13652,0.412321024
13654,0.409319751
13664,0.400355232
13673,0.457893611
13684,0.484800953
13690,0.620751866
13693,0.457282034
13696,0.456068166
13700,0.740129869
13701,0.595960751
13707,0.466722769
13713,0.472900569
13714,0.463030548
13716,0.457893893
13720,0.450028828
13727,0.481854086
13733,0.612968537
13738,0.470348237
13757,0.607263104
13759,0.474415029
13761,0.40894397
13767,0.459002428
13782,0.490317338
13786,0.631739955
13787,0.477771374
13792,0.456759757
13795,0.470713722
13798,0.390335017
13807,0.601783354
13809,0.469921059
13811,0.608031383
13815,0.460385721
13817,0.450196947
13818,0.446476947
13822,0.456752001
13824,0.623676949
13829,0.460118047
13832,0.693933801
13840,0.380604346
13841,0.380383093
13868,0.469184242
13871,0.691656393
13880,0.482280106
13888,0.483212167
13890,0.398043003
13891,0.613909253
13895,0.612010072
13907,0.45520306
13910,0.485730409
13912,0.470060398
13913,0.47177319
13923,0.469049015
13929,0.483728166
13936,0.468566999
13946,0.446797284
13950,0.381110454
13951,0.449092446
13954,0.486261045
13958,0.476913127
13969,0.455188389
13980,0.607533555
13981,0.392876114
13986,0.45179157
13987,0.604543176
13989,0.445992316
13992,0.467861709
13994,0.410008355
14001,0.458175054
14002,0.481847723
14004,0.486028886
14006,0.480118926
14012,0.465462688
14021,0.661751328
14024,0.473306733
14045,0.44755222
14047,0.774984388
14057,0.469898979
14059,0.619332025
14060,0.614890384
14068,0.602105306
14070,0.491197544
14074,0.480954923
14076,0.458767285
14089,0.442024655
14115,0.467294716
14116,0.469123838
14128,0.492667173
14131,0.475271134
14134,0.39552878
14137,0.471512674
14138,0.614964593
14139,0.391529501
14152,0.635221718
14153,0.711067553
14155,0.47673164
14156,0.408014976
14164,0.474252798
14165,0.392444726
14171,0.597645824
14174,0.441459775
14181,0.410535497
14186,0.754881977
14192,0.456852481
14201,0.486532635
14210,0.399955937
14214,0.46400583
14231,0.470350747
14236,0.459703472
14241,0.391262956
14245,0.450720991
14249,0.452142568
14251,0.380621243
14262,0.459827957
14265,0.609923202
14267,0.479944438
14270,0.70984685
14276,0.469519909
14279,0.608964281
14281,0.4646252
14289,0.489274359
14290,0.470786766
14293,0.485093295
14295,0.404591781
14297,0.400032806
14298,0.402196229
14310,0.60876266
14312,0.381948012
14315,0.372093791
14318,0.495081815
14319,0.493450398
14325,0.457771415
14331,0.458495418
14334,0.596173804
14341,0.488738894
14343,0.709918039
14344,0.480666165
14346,0.47484998
14347,0.472784818
14349,0.467867356
14352,0.465212062
14358,0.599081209
14361,0.47309539
14363,0.475325216
14374,0.493513282
14376,0.410717511
14381,0.459940195
14398,0.454963627
14410,0.624658613
14412,0.40742936
14415,0.400857351
14423,0.453803071
14425,0.616780977
14436,0.459357209
14444,0.482288718
14455,0.399687163
14465,0.489631719
14469,0.401360346
14471,0.473491477
14475,0.457557986
14479,0.612683675
14480,0.605459502
14488,0.477458749
14491,0.399241858
14501,0.464708428
14520,0.471092566
14522,0.451116966
14523,0.471904699
14537,0.408003009
14538,0.476152157
14550,0.452978514
14561,0.621828997
14575,0.412000953
14586,0.4503634
14592,0.410356732
14601,0.472691153
14602,0.610025971
14604,0.472117481
14606,0.46869685
14627,0.468555303
14641,0.477146256
14652,0.469276585
14662,0.483951953
14665,0.477141859
14673,0.451699464
14675,0.3807537
14679,0.770973414
14683,0.462612898
14686,0.612723302
14705,0.391637382
14708,0.457442143
14709,0.386219823
14710,0.605336571
14715,0.495682176
14717,0.48016906
14723,0.486036812
14725,0.462248451
14727,0.458434698
14728,0.464907622
14735,0.460215084
14746,0.476171932
14752,0.390504286
14757,0.442664596
14762,0.625460186
14763,0.627885435
14797,0.614821841
14812,0.60806411
14818,0.446102868
14825,0.479202858
14827,0.616738486
14829,0.474554139
14830,0.398912967
14837,0.464065339
14849,0.401319287
14863,0.463084566
14869,0.483199339
14882,0.463938301
14884,0.46103203
14886,0.450609421
14888,0.382091069
14890,0.457941066
14904,0.612778553
14938,0.381443314
14952,0.455033591
14958,0.457589729
14963,0.48303813
14979,0.451012602
14980,0.606477343
14986,0.442783901
14988,0.37302357
15003,0.461209059
15006,0.395843126
15009,0.694723153
15015,0.461289357
15024,0.485481107
15030,0.489467662
15036,0.399853562
15038,0.465944854
15039,0.392370944
15047,0.409250191
15049,0.487314099
15056,0.700223299
15068,0.480277762
15070,0.476531708
15073,0.480296528
15081,0.483172917
15084,0.473511656
15088,0.709613586
15092,0.462134757
15095,0.614711444
15097,0.458914283
15098,0.658739921
15115,0.569765811
15120,0.390338158
15126,0.595854423
15133,0.578282505
15143,0.468166014
15156,0.406648128
15164,0.461446656
15178,0.486444915
15198,0.400955043
15200,0.755328328
15208,0.594697024
15214,0.475470076
15218,0.481472015
15231,0.629347113
15238,0.613726717
15239,0.614959546
15240,0.615444168
15249,0.466943678
15256,0.600395743
15260,0.449587755
15290,0.403781064
15307,0.7114531
15308,0.469597322
15321,0.764622432
15323,0.487810574
15325,0.486672222
15342,0.381238865
15346,0.484638671
15349,0.47790116
15354,0.623571859
15362,0.467627318
15379,0.450547538
15383,0.468348586
15394,0.593612906
15401,0.490324735
15405,0.624053168
15407,0.623146167
15412,0.474871576
15413,0.47236182
15415,0.456676434
15427,0.480562952
15430,0.474672553
15436,0.459323724
15439,0.45636278
15443,0.380315061
15444,0.492191917
15445,0.41212201
15450,0.624793325
15456,0.398704433
15465,0.390020175
15466,0.443392595
15470,0.482496774
15474,0.471296615
15476,0.660246967
15482,0.4568386
15492,0.389913067
15510,0.478822239
15519,0.612932555
15523,0.608272277
15535,0.482926782
15561,0.710299088
15564,0.487955261
15566,0.475345832
15579,0.607086779
15580,0.463423776
15581,0.605359962
15587,0.492237798
15589,0.481187515
15591,0.481815992
15597,0.670577595
15620,0.460791674
15627,0.481971469
15636,0.397562641
15653,0.479412251
15662,0.69474228
15664,0.467721169
15666,0.469668641
15667,0.611375599
15674,0.550277693
15692,0.473624225
15715,0.63360673
15736,0.487847819
15744,0.46977618
15746,0.622449655
15758,0.476738229
15760,0.46777049
15766,0.474231887
15767,0.471986493
15789,0.390309027
15810,0.466042128
15818,0.469751212
15820,0.463739994
15830,0.623067699
15844,0.597159937
15850,0.599467236
15857,0.480998708
15863,0.696366638
15869,0.447084545
15872,0.454815859
15873,0.656794608
15884,0.4730933
15885,0.468770813
15891,0.485221933
15898,0.458771954
15900,0.466170039
15932,0.474832206
15940,0.458243763
15944,0.460727824
15945,0.456148184
15963,0.470864558
15970,0.658876954
15977,0.408787387
15982,0.613608762
15985,0.465322653
15995,0.469083403
16004,0.462056384
16005,0.382245705
16011,0.475104137
16019,0.394209521
16021,0.66559008
16051,0.4115857
16065,0.384081495
16066,0.461304621
16076,0.385340168
16091,0.467220508
16094,0.392716594
16101,0.474821337
16104,0.399149683
16113,0.383935021
16114,0.459533951
16115,0.382257043
16127,0.465490786
16128,0.63091928
16138,0.474722728
16139,0.392732267
16142,0.613163425
16144,0.454549061
16148,0.776790122
16151,0.632409593
16156,0.474092171
16165,0.460007303
16166,0.603712161
16179,0.776379262
16193,0.459885144
16196,0.448575095
16198,0.488655521
16210,0.458690958
16232,0.412511179
16237,0.510397954
16240,0.48433957
16252,0.470778297
16259,0.621029478
16262,0.393981349
16263,0.669993193
16270,0.412830617
16272,0.488548698
16290,0.487644785
16295,0.391058617
16297,0.458235776
16299,0.636242896
16300,0.459386598
16302,0.47821416
16303,0.484733565
16305,0.487883302
16309,0.478049691
16312,0.489813893
16320,0.397999933
16326,0.491159801
16327,0.623633188
16338,0.45929851
16342,0.598283522
16346,0.485913804
16348,0.483914791
16355,0.472804044
16356,0.476346086
16378,0.462336847
16382,0.474113129
16391,0.63365726
16392,0.479103288
16395,0.399880622
16399,0.468872937
16403,0.615461921
16408,0.604470033
16413,0.48407793
16415,0.477418264
16417,0.463645954
16420,0.65465334
16431,0.4521774
16439,0.476125255
16444,0.474107542
16446,0.606358124
16451,0.467875212
16454,0.600732985
16461,0.468067186
16462,0.47709045
16469,0.465600202
16484,0.47402373
16486,0.391872476
16487,0.613336155
16491,0.480537011
16494,0.467418371
16507,0.312819159
16508,0.475393523
16519,0.453863584
16523,0.457115165
16526,0.408012947
16530,0.621712804
16532,0.45738415
16542,0.474157073
16550,0.475005329
16555,0.483875024
16558,0.471511935
16567,0.475201651
16576,0.480534025
16579,0.467698422
16595,0.470933389
16598,0.611013274
16600,0.605810358
16604,0.380017945
16605,0.379827469
16607,0.549906905
16610,0.48739944
16612,0.704145279
16617,0.468071168
16625,0.377994546
16632,0.40886298
16634,0.40729119
16650,0.450344878
16654,0.481454137
16655,0.479620002
16656,0.479975696
16657,0.478258169
16660,0.477410021
16662,0.399362841
16669,0.459228428
16675,0.405947274
16676,0.472004704
16678,0.623713712
16679,0.469301228
16693,0.666410818
16701,0.477827059
16715,0.628660135
16722,0.460564601
16724,0.471548709
16727,0.439724222
16735,0.632875749
16741,0.463200916
16752,0.602328039
16758,0.471476855
16765,0.474518125
16771,0.611999366
16785,0.599070991
16793,0.483115201
16800,0.397468866
16805,0.61280312
16809,0.599967538
16820,0.466991883
16827,0.464560114
16830,0.457954133
16843,0.700670655
16847,0.500309628
16855,0.409033357
16860,0.39839154
16862,0.462043336
16863,0.653729521
16872,0.599302132
16874,0.601129477
16876,0.483295185
16893,0.482545534
16895,0.406067152
16914,0.411859537
16917,0.631444896
16926,0.605699146
16930,0.464018348
16931,0.605767751
16932,0.453719901
16934,0.488335966
16937,0.482873795
16941,0.614922681
16942,0.693947175
16957,0.463861807
16962,0.444843404
16967,0.46009893
16968,0.400148606
16972,0.463835262
16974,0.453381719
16984,0.459856307
16987,0.485027362
16994,0.391451281
16995,0.469633492
16999,0.598532986
17034,0.475616142
17038,0.45483253
17040,0.604679252
17050,0.478491117
17068,0.622857941
17077,0.458968446
17079,0.459135687
17082,0.454549535
17085,0.485302361
17087,0.615285991
17099,0.493173666
17105,0.598331606
17108,0.476894625
17110,0.476535656
17111,0.484368192
17123,0.389044766
17124,0.48504324
17130,0.462331128
17138,0.454440963
17143,0.407632855
17157,0.44759357
17160,0.491049714
17166,0.466576569
17167,0.466468357
17179,0.389626318
17180,0.44672997
17189,0.476734505
17197,0.38719051
17219,0.486927139
17223,0.475401187
17225,0.48462463
17229,0.363241542
17234,0.459417216
17235,0.446620079
17239,0.483726662
17242,0.615201369
17243,0.47041967
17246,0.467843401
17247,0.605096293
17255,0.510129793
17258,0.398732713
17260,0.396847515
17264,0.474055102
17270,0.466518003
17271,0.457545265
17272,0.466806633
17285,0.489620174
17294,0.470447899
17297,0.463645253
17298,0.759409584
17299,0.454447811
17306,0.461785569
17324,0.620603428
17326,0.468654681
17330,0.458615568
17345,0.614679602
17351,0.469926395
17352,0.611544745
17372,0.468433911
17381,0.455801686
17385,0.45504937
17388,0.449078302
17390,0.454503285
17392,0.491571341
17399,0.456855511
17404,0.607560793
17407,0.461845047
17408,0.382507932
17416,0.767559787
17418,0.615200965
17434,0.408791083
17438,0.398279804
17443,0.394754636
17444,0.459920609
17453,0.393895367
17460,0.458735321
17467,0.625079738
17480,0.606006672
17488,0.398122092
17490,0.458556288
17493,0.467911467
17498,0.604585332
17503,0.49068997
17513,0.466552399
17520,0.379624839
17525,0.459461011
17534,0.610978719
17545,0.485909634
17553,0.461543754
17554,0.465918169
17557,0.489680189
17563,0.490389955
17576,0.448702597
17577,0.607281989
17580,0.448777149
17582,0.457446684
17596,0.464379553
17597,0.467375457
17602,0.386664501
17614,0.442552109
17623,0.459483101
17624,0.448451428
17627,0.490742591
17628,0.633300896
17630,0.469539904
17634,0.391818241
17640,0.612103508
17652,0.406944835
17657,0.459661442
17661,0.457051487
17662,0.60809473
17666,0.609461503
17682,0.780060699
17688,0.389666181
17693,0.477671569
17705,0.466577359
17711,0.487927946
17715,0.631509856
17717,0.469953482
17721,0.472061845
17728,0.593223572
17737,0.623852916
17745,0.458453013
17755,0.48291746
17764,0.459194416
17774,0.484381535
17785,0.601632457
17786,0.441063608
17789,0.626011306
17802,0.598172788
17810,0.476292923
17819,0.45579947
17825,0.446834662
17828,0.446774693
17833,0.428341088
17841,0.477919551
17842,0.484069859
17844,0.491893353
17849,0.615299891
17855,0.461022819
17857,0.684939173
17861,0.633132089
17863,0.482708968
17868,0.622482674
17876,0.468279674
17882,0.455944883
17885,0.628972546
17893,0.467621572
17894,0.619825488
17902,0.455010767
17906,0.635262602
17911,0.398998705
17917,0.449084108
17921,0.513649246
17941,0.445069352
17945,0.450420722
17949,0.459495226
17954,0.614611678
17957,0.457290495
17958,0.381758002
17960,0.45975327
17985,0.472231329
18000,0.391376364
18002,0.45738161
18008,0.60160803
18014,0.468447194
18015,0.708129439
18019,0.465922438
18021,0.465125883
18026,0.482794865
18029,0.627978657
18034,0.466422574
18035,0.619366713
18036,0.400969208
18039,0.396563041
18066,0.457848212
18076,0.479263901
18089,0.455746292
18104,0.475063509
18110,0.465231359
18129,0.457956199
18131,0.449764162
18133,0.463048948
18136,0.605506172
18148,0.562485063
18152,0.599080366
18167,0.456555762
18177,0.488075388
18178,0.622986588
18183,0.464073589
18194,0.465712743
18197,0.381255355
18213,0.618405992
18214,0.61885874
18221,0.611024898
18227,0.598535746
18239,0.39912682
18245,0.456021361
18266,0.460614912
18267,0.391621439
18274,0.604282976
18283,0.48683253
18297,0.605046757
18302,0.463736673
18303,0.439378622
18315,0.468856191
18324,0.606396697
18326,0.447454338
18334,0.460773769
18336,0.628275631
18344,0.471975701
18346,0.474230429
18347,0.475910855
18350,0.466580797
18352,0.469035932
18364,0.43033524
18366,0.484280607
18373,0.479728873
18391,0.444211256
18393,0.457195642
18395,0.458745161
18400,0.765769544
18408,0.474042059
18421,0.450114813
18425,0.478624883
18443,0.598627988
18451,0.486139581
18456,0.465889238
18458,0.389770507
18460,0.597998826
18467,0.378610611
18468,0.490721268
18475,0.398135734
18485,0.599904167
18494,0.376554019
18495,0.710208261
18508,0.464833152
18530,0.452984604
18533,0.457321913
18547,0.470098254
18548,0.613819426
18553,0.597040295
18561,0.481777603
18565,0.399300017
18572,0.616778152
18593,0.629978852
18600,0.474982024
18621,0.468069213
18629,0.379590179
18637,0.615566687
18649,0.628189159
18653,0.48236412
18660,0.673306408
18671,0.440754201
18672,0.593459015
18677,0.458705549
18681,0.694376734
18684,0.694743218
18686,0.458140504
18689,0.457851736
18690,0.457224267
18709,0.463151973
18716,0.383844023
18723,0.460557638
18773,0.478713423
18782,0.464148549
18797,0.400598255
18810,0.60652406
18817,0.492600761
18820,0.407262544
18825,0.613521021
18837,0.455322788
18850,0.462119039
18857,0.410896384
18861,0.515425963
18867,0.478528545
18870,0.473697897
18877,0.382036567
18887,0.407181383
18898,0.467551079
18900,0.462903353
18914,0.472780838
18921,0.390249048
18922,0.752331395
18945,0.441179678
18947,0.445058008
18953,0.487421487
18954,0.63198756
18957,0.47970015
18960,0.4786279
18973,0.448056896
18983,0.407713262
18990,0.476154806
18991,0.461969282
18993,0.616053615
18995,0.46597634
18996,0.461468121
19003,0.462955672
19014,0.486518291
19015,0.484381724
19019,0.466832255
19028,0.450115693
19038,0.408055585
19040,0.40575636
19046,0.614668413
19051,0.601770476
19054,0.711083108
19056,0.480625245
19074,0.43801619
19085,0.467497258
19099,0.677543958
19124,0.47122254
19134,0.470418947
19141,0.601454405
19146,0.474252436
19150,0.477949885
19170,0.634514072
19176,0.676210085
19187,0.488717179
19189,0.485848285
19202,0.459701698
19208,0.478445372
19209,0.621048887
19210,0.397193212
19216,0.45378814
19217,0.461820771
19218,0.6822528
19223,0.474601049
19240,0.60158306
19246,0.410385184
19269,0.625298453
19275,0.359443628
19287,0.45832735
19298,0.478042705
19303,0.475077414
19313,0.438539299
19325,0.612422874
19326,0.610468588
19328,0.468555893
19330,0.46293557
19340,0.485533847
19342,0.47888025
19343,0.469061188
19344,0.470578676
19363,0.619687229
19364,0.475079271
19371,0.60011706
19376,0.459689343
19377,0.62165031
19381,0.472090186
19384,0.411816124
19390,0.398813802
19402,0.453788931
19405,0.441136318
19409,0.433189613
19418,0.449914855
19429,0.400026335
19446,0.488902152
19458,0.448353855
19460,0.462983309
19462,0.484231862
19465,0.448752303
19472,0.398241558
19480,0.46489876
19503,0.391451204
19507,0.469366252
19517,0.629160675
19533,0.46014824
19537,0.466278511
19541,0.464079031
19563,0.467216304
19566,0.383242511
19568,0.381056119
19576,0.476775965
19591,0.475139009
19597,0.38776845
19619,0.445441491
19622,0.378221134
19623,0.48930375
19624,0.664698163
19627,0.476291064
19629,0.459379852
19633,0.468629554
19639,0.596202297
19641,0.635233641
19643,0.451817966
19649,0.466936931
19652,0.398388092
19657,0.628067947
19660,0.408094666
19668,0.704129518
19678,0.45601043
19686,0.47406321
19690,0.619377662
19694,0.471352633
19695,0.469971106
19702,0.477334982
19712,0.398992801
19720,0.380047024
19735,0.477923437
19739,0.616376227
19740,0.397154682
19743,0.613929297
19750,0.466467211
19752,0.451171465
19754,0.449056163
19762,0.40749174
19770,0.605405915
19775,0.492124495
19777,0.4817058
19782,0.623740043
19783,0.395686397
19786,0.462484878
19805,0.484593946
19808,0.501717124
19819,0.447914745
19821,0.603705471
19827,0.48328889
19830,0.480083892
19832,0.477374388
19833,0.473194166
19834,0.61049822
19843,0.459311068
19844,0.602876077
19846,0.595363628
19847,0.603758558
19850,0.377902244
19851,0.63201605
19861,0.77794442
19873,0.288413221
19878,0.684575367
19886,0.462728004
19892,0.460808179
19901,0.454026422
19902,0.289076776
19920,0.554509591
19921,0.606801432
19922,0.458665928
19929,0.407699071
19932,0.39905211
19935,0.609739424
19936,0.46006978
19946,0.378727426
19950,0.31678764
19952,0.485147935
19955,0.407292553
19976,0.452883279
19983,0.447914421
19987,0.594118282
19991,0.710800329
19996,0.490573309
20007,0.386177685
20015,0.624979268
20019,0.615867952
20023,0.477507461
20034,0.455731814
20036,0.597630851
20038,0.487198942
20039,0.628247229
20040,0.479904849
20045,0.408280197
20046,0.481666822
20048,0.464653048
20060,0.408913659
20068,0.615216683
20074,0.388762999
20111,0.48086854
20117,0.613752387
20125,0.661349493
20129,0.445394464
20134,0.633631043
20135,0.600278026
20139,0.484172723
20142,0.398115715
20147,0.456522589
20154,0.381329958
20157,0.596032201
20169,0.607330806
20179,0.602687731
20202,0.443593309
20207,0.40865983
20215,0.449058944
20216,0.692732104
20217,0.412751828
20218,0.409120749
20219,0.492777577
20226,0.670923768
20236,0.629007749
20239,0.629559605
20246,0.61379461
20247,0.493485245
20253,0.461619775
20255,0.603164535
20268,0.661696698
20270,0.398318322
20271,0.462580461
20279,0.489930792
20282,0.382418861
20295,0.62940656
20302,0.391574826
20305,0.388463574
20306,0.388883457
20308,0.600504759
20330,0.465724789
20335,0.382834739
20344,0.478062553
20349,0.409734987
20360,0.478431131
20362,0.468591779
20378,0.467189876
20394,0.608480202
20397,0.387706162
20403,0.477460326
20405,0.485536199
20415,0.462598637
20417,0.457133306
20420,0.450381639
20425,0.409333249
20430,0.395276638
20435,0.474681949
20443,0.458761942
20446,0.410452408
20458,0.467499113
20459,0.454259128
20467,0.469688803
20470,0.38090729
20482,0.46073086
20489,0.453894911
20495,0.610373098
20496,0.467868512
20497,0.453977518
20505,0.409350786
20509,0.696580267
20535,0.482374018
20539,0.405521915
20544,0.452587895
20547,0.461390461
20556,0.628036292
20557,0.484833249
20575,0.489521856
20577,0.475877204
20596,0.445690303
20597,0.378385774
20602,0.485352533
20603,0.408279875
20609,0.399682987
20618,0.615525836
20621,0.474006648
20628,0.628999108
20634,0.392895987
20637,0.464651901
20641,0.454963182
20642,0.381087567
20647,0.480280867
20655,0.467516249
20656,0.614629573
20661,0.600059338
20664,0.379700647
20674,0.397127504
20679,0.45106238
20680,0.45695013
20683,0.685684889
20687,0.627079976
20688,0.713083012
20695,0.612051436
20696,0.608411688
20699,0.61238515
20701,0.595612564
20702,0.446064937
20704,0.634263581
20721,0.45587584
20725,0.633065982
20731,0.47656051
20741,0.407979091
20742,0.622671834
20753,0.457444715
20756,0.611588446
20769,0.593862458
20771,0.446846216
20774,0.481164754
20777,0.486641174
20781,0.472027767
20797,0.482817793
20808,0.615185434
20810,0.465172631
20820,0.596766701
20823,0.706778306
20829,0.693588977
20832,0.461651617
20833,0.614277718
20837,0.60555807
20838,0.44391265
20839,0.604518728
20847,0.487750978
20861,0.629060098
20869,0.697075949
20875,0.596835988
20877,0.410866701
20889,0.614570922
20894,0.544337115
20901,0.476916617
20919,0.510621972
20923,0.620280237
20935,0.377105259
20937,0.633952266
20939,0.711133485
20940,0.476191144
20943,0.612139803
20946,0.45648412
20950,0.459687298
20961,0.407376313
20965,0.479337717
20967,0.402625895
20969,0.468024973
20970,0.466397364
20975,0.44990026
20987,0.625899314
20995,0.460177277
20998,0.387769734
21002,0.60170388
21012,0.679518091
21013,0.398448777
21015,0.466689613
21017,0.454577254
21020,0.60369263
21028,0.462304121
21031,0.48850588
21036,0.620104634
21040,0.603557867
21048,0.487665985
21049,0.622718358
21051,0.467636568
21070,0.465864358
21072,0.451054861
21079,0.487126988
21090,0.463110386
21093,0.491500775
21104,0.61333645
21114,0.463791609
21117,0.468485854
21120,0.623331145
21121,0.653587224
21132,0.600493558
21136,0.486581421
21139,0.48359769
21140,0.47095935
21146,0.469618011
21150,0.613265563
21178,0.393153228
21180,0.390261934
21198,0.486519492
21203,0.47821866
21210,0.471254811
21218,0.477487184
21220,0.483856667
21222,0.622227695
21228,0.398421715
21236,0.453506249
21239,0.602992099
21260,0.467800827
21267,0.489798827
21271,0.60510457
21279,0.449563969
21286,0.63390257
21288,0.485210152
21294,0.480264226
21298,0.622699013
21299,0.470975229
21300,0.397882907
21304,0.615348644
21307,0.450237987
21309,0.613950662
21311,0.468942442
21331,0.596811737
21332,0.380699143
21342,0.484640927
21345,0.478961012
21348,0.396088596
21353,0.461229241
21357,0.446563847
21369,0.489396686
21370,0.408243734
21371,0.48582537
21373,0.609811686
21385,0.465803922
21392,0.471414552
21401,0.380908445
21403,0.459459067
21406,0.379691042
21413,0.305972265
21414,0.399940962
21416,0.392920674
21423,0.379585014
21442,0.553245435
21443,0.437310125
21448,0.48442794
21459,0.44684942
21467,0.450590305
21474,0.460528476
21484,0.410646536
21488,0.625002681
21495,0.615613726
21498,0.45930734
21502,0.487047292
21503,0.484995257
21510,0.483646247
21516,0.389777758
21533,0.392709172
21535,0.4623065
21539,0.457889418
21541,0.485857303
21544,0.492313123
21554,0.467761463
21569,0.48080688
21572,0.406903848
21578,0.471145181
21580,0.468972103
21584,0.5949241
21589,0.372329069
21595,0.624205581
21598,0.621865701
21599,0.615287874
21606,0.455791335
21623,0.467767679
21639,0.460043134
21641,0.473155508
21645,0.608057108
21647,0.454957782
21648,0.458004493
21657,0.487929438
21671,0.465135488
21673,0.489876523
21678,0.45444503
21696,0.459271076
21699,0.463029618
21700,0.597447341
21703,0.473686413
21710,0.46490336
21721,0.483398199
21727,0.635206229
21728,0.481142112
21731,0.466995435
21741,0.458949616
21744,0.481100243
21748,0.621076903
21753,0.457235222
21756,0.379054581
21763,0.481163728
21767,0.467310995
21772,0.380285761
21774,0.634452669
21775,0.486374364
21780,0.455069577
21787,0.45799665
21805,0.609348078
21828,0.454141553
21831,0.648407243
21837,0.60462154
21842,0.625923275
21849,0.60808936
21856,0.477613877
21858,0.478396614
21862,0.477958703
21864,0.606177477
21867,0.48231911
21879,0.461261727
21881,0.455435802
21883,0.459356294
21891,0.625792244
21892,0.480658628
21902,0.490974669
21909,0.474238328
21914,0.459645856
21918,0.603530026
21919,0.597269438
21926,0.453821747
21930,0.448751797
21934,0.480277705
21940,0.631796937
21945,0.483523224
21948,0.389743918
21953,0.603902526
21954,0.445655879
21956,0.48086703
21963,0.395374364
21970,0.484547486
21984,0.607590807
21997,0.470945951
21999,0.48348761
22001,0.622130672
22002,0.464653658
22010,0.635802793
22013,0.63272286
22022,0.619203187
22024,0.619535243
22028,0.60670922
22029,0.383907694
22045,0.621290643
22049,0.460086795
22064,0.469882292
22069,0.60683946
22074,0.454975895
22082,0.623891618
22084,0.453420987
22090,0.391805186
22096,0.469832855
22100,0.669403971
22105,0.659274088
22119,0.466439986
22130,0.608836657
22152,0.482686852
22155,0.481206278
22164,0.609742737
22173,0.472947583
22194,0.471601859
22209,0.626518039
22217,0.473308313
22220,0.444596013
22222,0.392161975
22244,0.610946889
22245,0.461050884
22250,0.488045259
22256,0.398938677
22261,0.391717544
22264,0.458975747
22270,0.495014732
22279,0.39649927
22280,0.614255317
22284,0.60530318
22288,0.48528308
22293,0.477410337
22297,0.701540099
22307,0.410793673
22310,0.678203839
22319,0.475557625
22324,0.599151744
22326,0.443212021
22327,0.686212483
22329,0.632344445
22331,0.468484513
22340,0.408613321
22342,0.490284394
22347,0.46055804
22351,0.486562263
22357,0.624747652
22361,0.483223649
22371,0.615903746
22373,0.39777616
22391,0.472737138
22404,0.46645166
22409,0.777863751
22411,0.479045682
22428,0.632931103
22436,0.615751134
22444,0.482779856
22445,0.453573663
22451,0.63281647
22463,0.658042247
22464,0.603648115
22467,0.382305575
22472,0.484277269
22485,0.392704995
22497,0.458212979
22504,0.402579424
22508,0.467719174
22516,0.598691354
22522,0.59598976
22527,0.495025466
22543,0.49194339
22549,0.611006344
22551,0.562937646
22557,0.467653998
22562,0.597324821
22567,0.632867517
22572,0.468344023
22575,0.474835899
22578,0.469041905
22579,0.459671538
22580,0.609884053
22581,0.607742968
22591,0.458456445
22593,0.613373697
22597,0.634579686
22600,0.410883615
22602,0.486544197
22603,0.484817756
22616,0.468446851
22617,0.631201606
22622,0.67582566
22623,0.460161892
22624,0.39120673
22628,0.484680035
22640,0.462042239
22641,0.598976534
22653,0.47196333
22660,0.48995318
22672,0.456952769
22674,0.456524592
22689,0.493788128
22698,0.673750678
22705,0.469343788
22709,0.379694032
22711,0.634093773
22714,0.408949008
22715,0.626127527
22729,0.488171371
22730,0.485208355
22733,0.459897922
22750,0.613520271
22754,0.481789136
22756,0.471888341
22758,0.600704894
22767,0.48374805
22768,0.454227634
22769,0.445291665
22776,0.477705093
22778,0.616048498
22780,0.45956158
22789,0.474050307
22797,0.47445732
22799,0.462925728
22814,0.6164476
22818,0.665168363
22821,0.488442168
22823,0.489947331
22841,0.631460629
22847,0.632896092
22848,0.489080893
22862,0.624862243
22875,0.393561054
22877,0.454504878
22887,0.456572967
22892,0.449969358
22899,0.437889039
22901,0.454281986
22907,0.472287016
22909,0.391076331
22926,0.61778568
22927,0.655555522
22930,0.663125915
22934,0.468786796
22937,0.624517885
22939,0.380701158
22949,0.600596348
22951,0.401818648
22955,0.664611722
22965,0.686467317
22966,0.380271705
22968,0.702710897
22972,0.383318185
22975,0.382190689
22981,0.475290778
22988,0.382578567
22994,0.622525518
22996,0.389576577
23011,0.406513559
23028,0.385200415
23031,0.64649371
23035,0.603040122
23038,0.404167654
23042,0.407898673
23049,0.449003754
23051,0.689157741
23053,0.582843789
23057,0.401931647
23058,0.402134357
23063,0.660509498
23064,0.618391978
23067,0.442293
23071,0.472974637
23075,0.380091345
23077,0.410998749
23090,0.653052712
23094,0.392976852
23097,0.645804215
23103,0.480324082
23107,0.379892512
23117,0.604387409
23122,0.46155699
23124,0.457345102
23126,0.407308748
23129,0.406970283
23136,0.384333846
23141,0.60339697
23142,0.412930328
23147,0.639354804
23154,0.400505084
23159,0.446804977
23165,0.400435619
23171,0.379613244
23173,0.586544531
23175,0.623555464
23179,0.685918653
23182,0.402896932
23185,0.400193675
23188,0.600863569
23189,0.606517756
23209,0.602759974
23214,0.407170292
23215,0.626155226
23233,0.630440488
23241,0.385474234
23252,0.466222047
23255,0.382032111
23263,0.454304005
23281,0.604617228
23282,0.446898984
23289,0.463410081
23292,0.452442548
23296,0.666955895
23297,0.479300093
23301,0.477098191
23302,0.301162848
23304,0.467523008
23309,0.483883952
23312,0.385769719
23316,0.654607982
23321,0.458707861
23342,0.611492396
23344,0.460894951
23350,0.483382294
23367,0.385161295
23368,0.455914452
23374,0.628254958
23387,0.45904051
23389,0.683830908
23399,0.459985161
23403,0.458719188
23406,0.688389043
23414,0.364682858
23415,0.471738252
23419,0.390617055
23436,0.474057533
23439,0.69379219
23444,0.384097305
23445,0.598992184
23455,0.450884696
23469,0.606282399
23472,0.469610454
23477,0.606818272
23478,0.384887422
23479,0.457469151
23487,0.613749717
23490,0.633717281
23491,0.475723512
23492,0.510149211
23494,0.449067009
23496,0.445311128
23497,0.462783756
23506,0.446507144
23515,0.481576174
23528,0.602579741
23532,0.474785292
23549,0.463625698
23551,0.462133821
23552,0.448142657
23555,0.599017221
23556,0.598725766
23564,0.399586271
23583,0.471509857
23592,0.381254373
23597,0.708132336
23601,0.4620483
23605,0.388727946
23615,0.483056313
23619,0.625368068
23621,0.701811187
23626,0.3835932
23635,0.401796601
23637,0.4741871
23640,0.612636026
23646,0.486038802
23655,0.609272484
23672,0.447371915
23673,0.476070369
23682,0.460019563
23683,0.383726216
23699,0.612584311
23704,0.406655987
23707,0.703078906
23713,0.462356916
23714,0.465321325
23716,0.380862949
23718,0.379364238
23721,0.489117098
23735,0.457144075
23737,0.486434428
23744,0.469805331
23749,0.407527195
23755,0.557068393
23769,0.401615584
23772,0.382021749
23773,0.591518211
23774,0.408200888
23779,0.59999799
23782,0.409630066
23793,0.314929516
23803,0.694945568
23828,0.407215728
23833,0.391139419
23834,0.450900758
23844,0.625674873
23845,0.402931423
23852,0.457087656
23855,0.381964054
23867,0.456668544
23872,0.384026192
23874,0.383936669
23880,0.599733103
23886,0.471595611
23898,0.467134184
23900,0.603180332
23903,0.591455042
23907,0.467717588
23908,0.480469553
23912,0.606323348
23916,0.438944242
23917,0.381574436
23918,0.597371104
23922,0.482872669
23928,0.484569063
23940,0.40702267
23944,0.466501774
23945,0.389684234
23951,0.45176956
23966,0.492126697
23970,0.467652195
23971,0.46014002
23976,0.40680387
23980,0.462208704
23987,0.711362329
23988,0.481014154
23993,0.606181061
23997,0.446223834
23998,0.600667286
23999,0.684028255
24010,0.402069524
24015,0.407982675
24023,0.621270161
24033,0.468296762
24046,0.390204678
24060,0.616908619
24062,0.452581154
24065,0.407155212
24070,0.291676069
24071,0.601487007
24073,0.468806368
24079,0.600726794
24082,0.710590729
24084,0.618025053
24089,0.605959511
24094,0.625178367
24100,0.624059398
24105,0.484070728
24106,0.469889004
24108,0.402281573
24111,0.704493873
24120,0.367742829
24125,0.480834095
24134,0.39926496
24140,0.478066613
24151,0.473584677
24153,0.618700922
24154,0.385067239
24161,0.618414336
24166,0.601799873
24170,0.406574288
24176,0.446382011
24182,0.703543134
24188,0.604014145
24190,0.614384807
24201,0.705333957
24211,0.485784619
24215,0.399826055
24216,0.694450066
24219,0.489115418
24222,0.407281294
24240,0.713071521
24243,0.482397198
24245,0.621441241
24251,0.466605883
24256,0.684447641
24258,0.491090178
24261,0.480832188
24263,0.468684507
24264,0.47473557
24266,0.471970358
24273,0.484518067
24278,0.473801229
24289,0.713267821
24292,0.618990843
24293,0.472790511
24298,0.697515626
24299,0.455746672
24303,0.378999446
24304,0.485867893
24305,0.485249499
24329,0.471162033
24341,0.479980901
24345,0.401920916
24353,0.485168597
24358,0.703661195
24364,0.3811413
24367,0.469804748
24370,0.397614122
24377,0.460719328
24380,0.461620436
24381,0.460353807
24387,0.683581248
24391,0.480372783
24409,0.704028492
24413,0.470933871
24416,0.456246584
24427,0.398362639
24439,0.601136094
24443,0.479246789
24448,0.479573894
24454,0.68909452
24455,0.466752161
24461,0.473898092
24464,0.476595222
24468,0.475912406
24469,0.459722614
24501,0.469009577
24508,0.489108656
24519,0.457846158
24520,0.68634782
24538,0.41286124
24540,0.399096967
24550,0.466951333
24552,0.452197306
24561,0.475098786
24577,0.306808945
24579,0.473677515
24580,0.468395211
24582,0.467430747
24591,0.486900136
24592,0.484889699
24599,0.45932378
24602,0.655955248
24606,0.47144566
24617,0.49077345
24619,0.484074894
24630,0.593022567
24633,0.712516744
24634,0.476876693
24638,0.477137372
24641,0.609676128
24644,0.471463821
24645,0.693538517
24656,0.485960441
24661,0.486456407
24663,0.391004012
24667,0.458795217
24669,0.381064504
24682,0.467225618
24698,0.489872564
24699,0.407664125
24702,0.476657513
24703,0.40103473
24717,0.48371856
24724,0.697148657
24731,0.494316556
24737,0.467919054
24740,0.36393648
24743,0.44913492
24744,0.697605088
24755,0.400080805
24757,0.472988898
24765,0.380624429
24766,0.452505589
24776,0.393044692
24787,0.69610706
24789,0.573609775
24791,0.594281241
24792,0.443332424
24804,0.601479525
24812,0.478281257
24816,0.459165968
24817,0.455430123
24820,0.473845629
24828,0.489030468
24832,0.474927511
24836,0.452872316
24842,0.410942926
24846,0.474541556
24847,0.479868874
24848,0.707158126
24851,0.399512264
24855,0.391892775
24856,0.47332196
24871,0.400424907
24874,0.454938507
24877,0.455806786
24889,0.469179225
24897,0.463306933
24899,0.399127263
24908,0.494092605
24913,0.384996155
24923,0.437481314
24933,0.463713873
24971,0.485222575
24973,0.706206215
24993,0.392625293
24998,0.382218146
25000,0.710621101
25001,0.710081293
25002,0.483020348
25003,0.704665858
25009,0.456595444
25024,0.480586384
25026,0.467049816
25027,0.691444808
25034,0.483279903
25050,0.478894203
25057,0.66570237
25067,0.479082356
25075,0.62934772
25081,0.475252449
25085,0.469011228
25093,0.484577381
25097,0.47425682
25103,0.458968268
25104,0.382291214
25109,0.481498016
25112,0.465260766
25113,0.621445406
25114,0.46008691
25119,0.461276802
25121,0.45445098
25122,0.452197953
25124,0.389678911
25131,0.485803993
25134,0.472256299
25144,0.491985929
25147,0.400590371
25148,0.39977941
25149,0.457993419
25155,0.390317377
25169,0.47459332
25177,0.383757932
25178,0.459149985
25179,0.454794847
25180,0.381625789
25191,0.406537286
25199,0.444312979
25232,0.35752652
25241,0.485015107
25242,0.475163544
25243,0.474985193
25246,0.468028045
25259,0.382274588
25265,0.408566184
25278,0.411722377
25280,0.476433
25284,0.481885357
25286,0.399808717
25288,0.465544101
25318,0.697615634
25330,0.407008214
25333,0.622329015
25339,0.60798325
25340,0.384104176
25346,0.630807968
25349,0.514545568
25351,0.628893747
25361,0.379656084
25366,0.662961584
25368,0.710820904
25369,0.624330161
25370,0.306747651
25375,0.611357536
25376,0.393529619
25377,0.613972754
25379,0.462722231
25382,0.410172079
25386,0.403027443
25389,0.399378781
25399,0.48591027
25400,0.714326398
25401,0.47938423
25407,0.460640572
25409,0.459093904
25412,0.384065769
25416,0.447267766
25418,0.483063793
25423,0.475909195
25436,0.485334449
25439,0.628448913
25442,0.615276585
25445,0.696107038
25446,0.462953447
25453,0.451455947
25456,0.410597959
25458,0.313569417
25460,0.483114297
25461,0.473437231
25468,0.462360513
25470,0.628629983
25471,0.477598104
25482,0.465249769
25501,0.687933534
25504,0.381512412
25515,0.486909904
25518,0.470599846
25528,0.481569696
25533,0.479418542
25543,0.466188803
25548,0.462774837
25564,0.485189892
25572,0.411427111
25576,0.621519431
25577,0.306535569
25587,0.604981763
25591,0.441412151
25596,0.494032203
25598,0.464603877
25617,0.612489667
25618,0.693725391
25620,0.444138798
25623,0.484701787
25626,0.48132309
25628,0.475373638
25633,0.390121481
25637,0.456071159
25644,0.471019719
25662,0.450508756
25663,0.381654791
25673,0.457891267
25678,0.458174023
25685,0.452257308
25691,0.476784818
25706,0.458919882
25707,0.440624511
25723,0.48581592
25725,0.626219593
25735,0.384462755
25740,0.478867785
25759,0.465852697
25761,0.477685741
25769,0.602617471
25774,0.472122098
25779,0.398704361
25781,0.463756786
25784,0.685842786
25790,0.709999232
25796,0.459292106
25816,0.481683044
25847,0.44669822
25850,0.447720663
25852,0.44818534
25856,0.6860558
25866,0.468781097
25867,0.390569267
25868,0.459784631
25869,0.390514174
25877,0.411325991
25878,0.489528741
25890,0.403359657
25898,0.694348316
25899,0.457079857
25906,0.711746615
25907,0.411523704
25915,0.700659408
25932,0.40932167
25939,0.477130398
25946,0.391526501
25951,0.380305149
25959,0.40813474
25961,0.624938049
25964,0.300203649
25969,0.463029972
25980,0.466085873
25986,0.481252589
25992,0.462622173
25998,0.458478057
26000,0.296766269
26006,0.490680859
26009,0.477864723
26016,0.393379636
26023,0.68678391
26038,0.412084727
26041,0.474910783
26050,0.486851241
26051,0.712788009
26057,0.473163354
26060,0.606132972
26062,0.472868733
26067,0.711456693
26068,0.489607785
26072,0.475067143
26074,0.480199594
26075,0.621155341
26081,0.39071003
26108,0.391021855
26112,0.688869255
26113,0.465070959
26115,0.552870536
26122,0.490978332
26139,0.600800563
26162,0.408027493
26165,0.471511869
26173,0.44874791
26177,0.380384614
26179,0.631957206
26184,0.67332197
26190,0.460915174
26204,0.487304352
26205,0.619464838
26212,0.469918623
26215,0.472177282
26227,0.463952651
26232,0.42675078
26237,0.419709002
26246,0.493748139
26248,0.40727692
26249,0.477889146
26260,0.416738505
26263,0.490209389
26267,0.710354454
26269,0.479666401
26271,0.406166574
26273,0.480644757
26286,0.414749946
26297,0.492102044
26309,0.475548257
26313,0.474526781
26319,0.505354468
26329,0.473489662
26330,0.409771383
26333,0.485151931
26361,0.710874181
26366,0.407128535
26376,0.702777796
26378,0.398006163
26382,0.505630201
26389,0.491833111
26391,0.483225718
26401,0.460290208
26415,0.49633426
26419,0.470187369
26421,0.710673546
26422,0.485909978
26423,0.405353043
26424,0.40537234
26441,0.473727533
26442,0.483587129
26446,0.468854575
26447,0.621345129
26448,0.475141511
26451,0.494524802
26459,0.494285922
26465,0.476719043
26476,0.505908345
26481,0.501077071
26487,0.715911038
26501,0.482483597
26513,0.409564902
26517,0.471708814
26527,0.424142899
26534,0.405906198
26535,0.709355455
26545,0.635620057
26550,0.478535942
26558,0.507195322
26571,0.409465291
26573,0.409311794
26575,0.481307556
26578,0.405757832
26583,0.397414228
26590,0.639423315
26593,0.482872209
26602,0.46659865
26606,0.489571741
26613,0.414890673
26615,0.493124011
26618,0.482502791
26628,0.716310026
26630,0.485338855
26635,0.464213158
26645,0.499198876
26648,0.498161388
26651,0.630746473
26660,0.459149284
26663,0.478430105
26664,0.463268963
26665,0.48221892
26673,0.493066787
26675,0.641724069
26676,0.417267197
26677,0.496760922
26679,0.418066625
26687,0.413568975
26689,0.408576585
26697,0.394824579
26737,0.408205187
26747,0.726977287
26748,0.496662909
26749,0.487985538
26754,0.723208567
26759,0.485975296
26760,0.408142292
26765,0.481167744
26769,0.462749159
26771,0.612772549
26776,0.50034839
26778,0.490280669
26780,0.485413681
26783,0.629364495
26785,0.472423892
26800,0.479417919
26804,0.471701078
26812,0.614558899
26816,0.616140635
26823,0.416101613
26834,0.407434518
26836,0.486112297
26841,0.462296716
26845,0.504659914
26849,0.491318279
26854,0.479281662
26858,0.485997262
26860,0.619291765
26866,0.472843868
26871,0.466001573
26873,0.33157427
26905,0.482635671
26907,0.481025804
26920,0.508482847
26924,0.641114044
26930,0.491030883
26942,0.483198505
26944,0.627359791
26949,0.42668934
26952,0.722236811
26956,0.499388761
26973,0.493102635
26977,0.492761326
26993,0.505044991
26997,0.48482038
26999,0.488972513
27021,0.499681064
27023,0.50104536
27025,0.626708402
27027,0.492517695
27032,0.410996347
27034,0.468822023
27036,0.475042574
27045,0.619411147
27050,0.492914565
27051,0.506703297
27055,0.487758306
27056,0.485185046
27060,0.487967713
27061,0.408161278
27066,0.396634611
27070,0.611373048
27073,0.601868643
27077,0.506645331
27085,0.487804043
27086,0.482681567
27099,0.429216486
27105,0.426273549
27109,0.682270644
27125,0.500030125
27135,0.310591927
27139,0.474580668
27140,0.700936769
27141,0.467145317
27142,0.614941615
27144,0.474077645
27148,0.501238935
27154,0.488187227
27162,0.413953261
27175,0.47539924
27176,0.466048269
27178,0.361784089
27197,0.668075531
27204,0.680129792
27205,0.620763628
27206,0.658595523
27207,0.620433918
27216,0.631690672
27230,0.473788112
27234,0.491161423
27241,0.493654045
27249,0.70912829
27251,0.463923367
27252,0.457154342
27256,0.425413683
27257,0.486636837
27263,0.488159499
27268,0.480289379
27269,0.628001587
27276,0.616839359
27279,0.398515366
27288,0.424407501
27295,0.473580076
27299,0.400508124
27302,0.620391883
27304,0.613270589
27316,0.484518421
27318,0.471767957
27330,0.4883997
27333,0.48543475
27335,0.661996147
27339,0.480833227
27341,0.400299675
27342,0.621989017
27345,0.505582523
27347,0.494206191
27354,0.489303664
27361,0.617289408
27375,0.397749776
27387,0.426452798
27390,0.424662241
27392,0.719040238
27399,0.469575551
27403,0.476951284
27410,0.418136545
27423,0.462713472
27429,0.463656638
27432,0.425667206
27436,0.493679756
27437,0.479547755
27441,0.475368564
27444,0.365321072
27445,0.476246142
27448,0.392643153
27454,0.493315946
27459,0.482367821
27465,0.677159218
27478,0.705604433
27479,0.480750496
27481,0.400277967
27483,0.471044083
27486,0.473790438
27498,0.490279075
27505,0.631749266
27507,0.479763707
27509,0.474001992
27514,0.612929949
27527,0.406935729
27535,0.454076166
27544,0.474463728
27545,0.475239795
27556,0.497395547
27563,0.489922847
27569,0.482473049
27585,0.477911645
27589,0.618845999
27605,0.623458019
27608,0.40506511
27609,0.626995716
27611,0.479492735
27621,0.642125373
27626,0.413606539
27629,0.473296054
27645,0.406979752
27651,0.617086308
27654,0.498455601
27656,0.422978554
27663,0.413111506
27673,0.480596725
27677,0.467992183
27678,0.618616032
27680,0.496705768
27681,0.418914097
27684,0.4908307
27688,0.483863355
27706,0.503472541
27709,0.667758614
27720,0.507607705
27722,0.495824197
27733,0.486235324
27734,0.630184187
27739,0.653706342
27746,0.426247381
27751,0.717618578
27755,0.484683222
27777,0.478231881
27783,0.617852229
27795,0.483275331
27805,0.468668756
27811,0.495186343
27815,0.481811711
27823,0.473031303
27856,0.477292787
27873,0.481807269
27883,0.47148862
27885,0.39506759
27887,0.387816699
27899,0.640943623
27921,0.483883331
27924,0.630105831
27927,0.631895054
27929,0.47843883
27932,0.62043517
27943,0.428833746
27945,0.4272098
27952,0.624906125
27957,0.495456565
27960,0.494031242
27966,0.485674355
27968,0.406629432
27980,0.396561133
27984,0.501480777
27994,0.491331295
27995,0.415991782
28002,0.404543345
28004,0.401610571
28006,0.455028754
28028,0.489346839
28042,0.427443503
28043,0.42803219
28055,0.483401775
28061,0.399127188
28063,0.4757685
28077,0.633074013
28090,0.396654194
28093,0.641425231
28095,0.64441876
28096,0.487883075
28098,0.715893374
28099,0.482068855
28111,0.612176069
28115,0.639462209
28123,0.632447055
28125,0.476736652
28126,0.406660688
28129,0.39798348
28131,0.67104382
28139,0.697767797
28146,0.459558014
28153,0.504486423
28155,0.646980103
28160,0.478662224
28166,0.471934902
28167,0.465194991
28176,0.476222222
28185,0.477477769
28187,0.396684406
28195,0.42511362
28203,0.490174257
28206,0.482935464
28209,0.472090557
28210,0.614854281
28211,0.614940857
28216,0.461026286
28234,0.49651191
28235,0.425545095
28248,0.613959837
28255,0.488194554
28266,0.476235487
28277,0.644137653
28286,0.483964089
28288,0.659052992
28289,0.481042488
28290,0.500161894
28296,0.639307496
28300,0.413825695
28306,0.466505143
28307,0.616383227
28309,0.619619288
28327,0.488135658
28336,0.470607759
28345,0.646814243
28355,0.460874325
28361,0.622080043
28362,0.623931839
28374,0.4999702
28380,0.494216008
28381,0.413378704
28393,0.476027368
28394,0.46689945
28405,0.495025474
28413,0.627768839
28426,0.423677233
28428,0.494814028
28429,0.41631656
28442,0.493764555
28445,0.482977645
28457,0.702379933
28459,0.392536834
28462,0.497375542
28478,0.475769582
28490,0.489992386
28492,0.485168712
28499,0.475137213
28500,0.398642299
28506,0.415204824
28509,0.636610773
28513,0.482639336
28516,0.472221987
28519,0.700669771
28526,0.46597857
28527,0.487313073
28528,0.478342936
28533,0.47257601
28547,0.684550827
28551,0.488875475
28563,0.508097236
28566,0.504693027
28568,0.499360842
28580,0.476685334
28589,0.497293957
28590,0.417779931
28606,0.503968472
28613,0.635880614
28615,0.476047449
28619,0.40983216
28629,0.477674853
28633,0.468697527
28635,0.395114127
28646,0.480397647
28648,0.482020436
28651,0.687400928
28660,0.397195831
28681,0.405711064
28693,0.500297691
28696,0.698538955
28703,0.489056481
28709,0.64952821
28712,0.424246191
28718,0.494626803
28719,0.492516054
28727,0.472951429
28730,0.507031326
28732,0.425358401
28740,0.63062934
28747,0.406420883
28752,0.395635357
28757,0.487521488
28764,0.481195258
28765,0.627640913
28770,0.427615657
28772,0.486752729
28783,0.482600178
28786,0.474989172
28796,0.640875775
28799,0.488616241
28806,0.478077128
28807,0.629285775
28815,0.507172095
28818,0.502409361
28823,0.490420116
28824,0.492461431
28831,0.706995691
28834,0.479530562
28841,0.503584278
28848,0.414805622
28882,0.645627802
28884,0.479626481
28904,0.48736957
28907,0.519302441
28919,0.472573487
28920,0.481789648
28928,0.480984496
28935,0.638002476
28936,0.633473881
28945,0.627447355
28950,0.764982162
28957,0.425853398
28963,0.493904786
28974,0.397449145
28980,0.4987027
28988,0.493576821
28999,0.467579621
29001,0.4612916
29004,0.609182598
29006,0.457119182
29012,0.500418426
29018,0.417379957
29027,0.614812511
29030,0.617144674
29032,0.470722562
29039,0.633207234
29043,0.408837415
29056,0.491717032
29064,0.416790849
29068,0.630375213
29069,0.628123811
29074,0.478352797
29076,0.464355947
29085,0.636765518
29088,0.414366102
29091,0.636670178
29092,0.511536071
29093,0.630960659
29094,0.48569462
29108,0.394550473
29114,0.47877704
29115,0.490769033
29118,0.488883251
29125,0.491416798
29127,0.409353712
29150,0.473151079
29152,0.469203541
29155,0.49030644
29165,0.463661551
29167,0.398696119
29174,0.428289879
29180,0.639734691
29185,0.487302065
29190,0.475781248
29192,0.701013615
29194,0.649938212
29220,0.642611188
29231,0.475256545
29237,0.46678491
29240,0.469136621
29247,0.492151779
29256,0.621964612
29275,0.494820725
29278,0.483132639
29280,0.47659366
29286,0.64099563
29288,0.508156183
29305,0.461218493
29327,0.396272631
29329,0.501556826
29333,0.639883727
29335,0.632352204
29342,0.711101265
29344,0.4731646
29353,0.47064767
29358,0.641194868
29373,0.476292524
29392,0.408716893
29393,0.481105845
29395,0.707688649
29403,0.507332128
29405,0.506365153
29410,0.632005522
29423,0.64928744
29427,0.41723281
29429,0.637605509
29432,0.481920029
29440,0.406977993
29447,0.475447403
29448,0.613752475
29452,0.506467114
29455,0.494672287
29461,0.476683047
29466,0.628585269
29474,0.506095176
29476,0.644724146
29486,0.48427293
29494,0.48265671
29497,0.475478533
29505,0.498993551
29511,0.414925481
29516,0.399402537
29522,0.503084699
29523,0.488632774
29524,0.49092859
29529,0.481361319
29533,0.629181542
29535,0.484613628
29548,0.491335025
29551,0.632011149
29563,0.618751064
29574,0.407785958
29575,0.627563856
29592,0.627959963
29599,0.461120012
29608,0.628724972
29613,0.404204714
29620,0.49356924
29630,0.404189892
29637,0.635636656
29638,0.413703043
29643,0.487258155
29648,0.647743413
29657,0.483511723
29659,0.632013497
29662,0.474303939
29665,0.481049458
29699,0.413358216
29706,0.476031437
29715,0.487710751
29716,0.493733617
29717,0.482538785
29721,0.496524379
29731,0.48657001
29735,0.481993938
29739,0.494482436
29742,0.482159376
29747,0.702023387
29749,0.397394208
29754,0.723790986
29773,0.47012653
29777,0.47404694
29779,0.613636157
29783,0.506748057
29786,0.497997908
29805,0.393758573
29811,0.501977735
29812,0.497930059
29815,0.49789268
29819,0.477026071
29833,0.511221708
29847,0.46860217
29854,0.397864011
29856,0.618161029
29859,0.671538546
29864,0.50379241
29865,0.502258863
29867,0.491843014
29885,0.476432667
29894,0.483956999
29900,0.475789968
29910,0.470603384
29928,0.634158477
29942,0.61991543
29951,0.414517683
29953,0.414073885
29962,0.477302014
29968,0.466635992
29974,0.503340926
29980,0.410887989
29987,0.471445587
29993,0.463672402
30001,0.507893889
30005,0.505059105
30015,0.625669194
30034,0.608269859
30041,0.464278508
30044,0.45543358
30058,0.625554601
30061,0.398210876
30064,0.417279499
30065,0.673474197
30069,0.622684349
30074,0.676577152
30076,0.482178094
30080,0.395460578
30086,0.506419513
30087,0.504291958
30092,0.620532231
30093,0.398494228
30096,0.497891026
30097,0.418926491
30098,0.480553004
30102,0.424205548
30106,0.654395388
30110,0.485388122
30111,0.717518895
30122,0.47127536
30128,0.618761483
30130,0.488555088
30131,0.620930389
30132,0.424833015
30135,0.488491857
30137,0.714963638
30157,0.418212711
30158,0.469605633
30162,0.50990828
30170,0.398426404
30174,0.507952412
30195,0.405047144
30196,0.472099638
30204,0.505002729
30207,0.72297678
30209,0.423808982
30212,0.489215372
30221,0.47743919
30225,0.398586749
30229,0.505227824
30231,0.506866214
30233,0.491780225
30237,0.398320722
30239,0.39854403
30242,0.396301566
30244,0.612872791
30249,0.49924686
30262,0.485316038
30286,0.616164792
30292,0.644521116
30303,0.611342294
30320,0.464697656
30322,0.456027922
30355,0.493738685
30356,0.475322299
30372,0.502269442
30375,0.506879594
30379,0.493889328
30384,0.491000623
30386,0.473607729
30394,0.477103961
30395,0.463949312
30396,0.611729711
30397,0.472961728
30402,0.504904576
30413,0.471949586
30416,0.629533497
30420,0.503701458
30422,0.483388125
30432,0.619091537
30434,0.495964051
30438,0.486620799
30444,0.474802823
30446,0.330809471
30455,0.482249668
30457,0.485475123
30459,0.47818667
30463,0.397714024
30468,0.506805883
30477,0.482488265
30478,0.485695528
30481,0.479670496
30482,0.480911048
30487,0.504487424
30491,0.493807681
30496,0.407351058
30501,0.505387816
30506,0.492343205
30511,0.644299396
30513,0.489470214
30516,0.478625181
30520,0.493346697
30531,0.489727278
30542,0.717366605
30555,0.487978089
30557,0.489319155
30568,0.484310359
30570,0.720810787
30584,0.649302524
30594,0.419245916
30614,0.490589603
30617,0.481153035
30618,0.473317812
30631,0.484170749
30632,0.487582533
30634,0.477037406
30636,0.510001465
30637,0.508265827
30639,0.477119647
30647,0.459299219
30649,0.487011915
30656,0.493096502
30660,0.488098448
30665,0.472906777
30669,0.471409095
30681,0.318692033
30683,0.474225026
30687,0.471678523
30694,0.304353858
