MoleculeId,PredictedProbability
1,0.894133
2,0.57194
3,0.940664
4,0.096022
5,0.549882
6,0.86031
7,0.860115
8,0.925868
9,0.570365
10,0.516164
11,0.854141
12,0.850683
13,0.515987
14,0.267039
15,0.302091
16,0.13352
17,0.113251
18,0.426242
19,0.820457
20,0.132106
21,0.851131
22,0.807079
23,0.939117
24,0.625373
25,0.596937
26,0.142652
27,0.207147
28,0.196048
29,0.36735
30,0.190871
31,0.071248
32,0.844336
33,0.51683
34,0.265119
35,0.886996
36,0.822389
37,0.736057
38,0.935434
39,0.898566
40,0.164888
41,0.044003
42,0.859394
43,0.928588
44,0.098925
45,0.5
46,0.77536
47,0.574984
48,0.915187
49,0.845383
50,0.910846
51,0.09254
52,0.866618
53,0.064146
54,0.149554
55,0.785878
56,0.945931
57,0.834266
58,0.975611
59,0.818159
60,0.753628
61,0.821551
62,0.11519
63,0.058897
64,0.352978
65,0.384726
66,0.38607
67,0.11889
68,0.155709
69,0.279422
70,0.849981
71,0.786978
72,0.862223
73,0.549089
74,0.354547
75,0.164738
76,0.899426
77,0.350138
78,0.914576
79,0.088924
80,0.252579
81,0.229155
82,0.130527
83,0.071909
84,0.55812
85,0.404617
86,0.333791
87,0.838154
88,0.853351
89,0.610515
90,0.802662
91,0.80026
92,0.125168
93,0.109176
94,0.802184
95,0.133228
96,0.724432
97,0.617678
98,0.871792
99,0.892029
100,0.795715
101,0.814813
102,0.922196
103,0.557771
104,0.273919
105,0.151224
106,0.656313
107,0.519076
108,0.96443
109,0.208679
110,0.554816
111,0.662538
112,0.147445
113,0.861456
114,0.86759
115,0.096522
116,0.77211
117,0.081747
118,0.775535
119,0.127036
120,0.18909
121,0.112669
122,0.8256
123,0.262696
124,0.416682
125,0.111775
126,0.489477
127,0.810995
128,0.416677
129,0.112851
130,0.109075
131,0.352028
132,0.089045
133,0.8403
134,0.626574
135,0.961386
136,0.100387
137,0.706863
138,0.850559
139,0.828216
140,0.902237
141,0.721825
142,0.719976
143,0.139376
144,0.913746
145,0.059574
146,0.604257
147,0.826554
148,0.671634
149,0.32985
150,0.101948
151,0.730798
152,0.522509
153,0.942196
154,0.933627
155,0.566078
156,0.376688
157,0.928029
158,0.684631
159,0.04324
160,0.295791
161,0.288738
162,0.075292
163,0.978459
164,0.874153
165,0.43998
166,0.76156
167,0.752396
168,0.475148
169,0.632035
170,0.989733
171,0.921865
172,0.07897
173,0.677933
174,0.105593
175,0.851063
176,0.091973
177,0.078797
178,0.5
179,0.24669
180,0.261189
181,0.837466
182,0.648481
183,0.090738
184,0.847323
185,0.348781
186,0.945874
187,0.441634
188,0.929819
189,0.380292
190,0.128597
191,0.782424
192,0.157379
193,0.852618
194,0.944144
195,0.235356
196,0.949834
197,0.586733
198,0.619016
199,0.53956
200,0.888366
201,0.165428
202,0.648138
203,0.225308
204,0.901232
205,0.823238
206,0.636172
207,0.624587
208,0.866435
209,0.205008
210,0.819447
211,0.787064
212,0.941928
213,0.135895
214,0.836332
215,0.925796
216,0.717539
217,0.661263
218,0.437286
219,0.383769
220,0.861791
221,0.186827
222,0.08594
223,0.86938
224,0.55905
225,0.439007
226,0.288471
227,0.924886
228,0.133611
229,0.522991
230,0.774436
231,0.925624
232,0.845036
233,0.247472
234,0.630552
235,0.870708
236,0.360103
237,0.407811
238,0.840464
239,0.919218
240,0.301931
241,0.044179
242,0.449626
243,0.438317
244,0.4511
245,0.863314
246,0.086406
247,0.096018
248,0.847768
249,0.085834
250,0.779629
251,0.319395
252,0.488011
253,0.591014
254,0.910079
255,0.437332
256,0.09662
257,0.435024
258,0.425861
259,0.074103
260,0.343163
261,0.080991
262,0.186364
263,0.356558
264,0.073573
265,0.829018
266,0.484331
267,0.125415
268,0.832681
269,0.895841
270,0.902623
271,0.861595
272,0.823813
273,0.5
274,0.163538
275,0.152429
276,0.921199
277,0.350648
278,0.699135
279,0.461168
280,0.075417
281,0.88304
282,0.702874
283,0.037917
284,0.824961
285,0.900885
286,0.952699
287,0.532479
288,0.841573
289,0.14409
290,0.126385
291,0.135515
292,0.817493
293,0.801794
294,0.054923
295,0.190063
296,0.029701
297,0.655579
298,0.712078
299,0.686104
300,0.764319
301,0.064839
302,0.793405
303,0.442941
304,0.894465
305,0.88341
306,0.439918
307,0.901081
308,0.48287
309,0.697604
310,0.955883
311,0.564549
312,0.689861
313,0.114268
314,0.901268
315,0.108669
316,0.893808
317,0.178032
318,0.291859
319,0.128029
320,0.318771
321,0.860935
322,0.80854
323,0.333148
324,0.142734
325,0.959788
326,0.954726
327,0.921194
328,0.263589
329,0.760652
330,0.770192
331,0.801283
332,0.387509
333,0.342997
334,0.863048
335,0.749669
336,0.856816
337,0.099672
338,0.033007
339,0.777611
340,0.904665
341,0.825255
342,0.093592
343,0.246233
344,0.926762
345,0.883699
346,0.154834
347,0.132276
348,0.232569
349,0.472243
350,0.29998
351,0.716066
352,0.851634
353,0.07865
354,0.765718
355,0.395184
356,0.882549
357,0.144261
358,0.099916
359,0.885632
360,0.790729
361,0.714875
362,0.91239
363,0.62716
364,0.819038
365,0.8738
366,0.629017
367,0.320332
368,0.060077
369,0.224295
370,0.722106
371,0.13851
372,0.451474
373,0.112079
374,0.757458
375,0.958249
376,0.664648
377,0.863896
378,0.922335
379,0.074744
380,0.843358
381,0.776979
382,0.932822
383,0.262344
384,0.891321
385,0.73627
386,0.071979
387,0.083422
388,0.073164
389,0.792736
390,0.769101
391,0.713038
392,0.740234
393,0.799631
394,0.932976
395,0.201259
396,0.385678
397,0.10126
398,0.658702
399,0.828262
400,0.977894
401,0.585947
402,0.114653
403,0.928114
404,0.5
405,0.138133
406,0.97333
407,0.767463
408,0.116867
409,0.40923
410,0.705608
411,0.840103
412,0.82543
413,0.302943
414,0.852875
415,0.890127
416,0.380654
417,0.921209
418,0.506511
419,0.323391
420,0.143871
421,0.349946
422,0.844564
423,0.444614
424,0.818994
425,0.127062
426,0.798873
427,0.704012
428,0.892934
429,0.359825
430,0.842893
431,0.321233
432,0.368704
433,0.153041
434,0.437086
435,0.09893
436,0.367298
437,0.845528
438,0.031812
439,0.111749
440,0.604802
441,0.813917
442,0.854073
443,0.086095
444,0.867054
445,0.916331
446,0.351426
447,0.099404
448,0.191327
449,0.884094
450,0.815416
451,0.85927
452,0.279647
453,0.772598
454,0.553759
455,0.821206
456,0.370269
457,0.592406
458,0.112473
459,0.604601
460,0.108963
461,0.952944
462,0.458434
463,0.828797
464,0.760199
465,0.200699
466,0.350694
467,0.5
468,0.697512
469,0.171973
470,0.061922
471,0.975681
472,0.119744
473,0.424572
474,0.3994
475,0.165039
476,0.873677
477,0.218662
478,0.200196
479,0.060267
480,0.238582
481,0.630868
482,0.755591
483,0.858251
484,0.130558
485,0.914105
486,0.406776
487,0.154238
488,0.61625
489,0.759546
490,0.19926
491,0.613442
492,0.891512
493,0.949967
494,0.434803
495,0.875588
496,0.434404
497,0.127441
498,0.322986
499,0.111419
500,0.67477
501,0.684378
502,0.663324
503,0.194733
504,0.842073
505,0.693633
506,0.364835
507,0.314248
508,0.641227
509,0.123715
510,0.970773
511,0.832864
512,0.592734
513,0.9357
514,0.856128
515,0.206045
516,0.838638
517,0.063847
518,0.406132
519,0.969969
520,0.59434
521,0.927592
522,0.965293
523,0.554982
524,0.698657
525,0.178018
526,0.752931
527,0.770086
528,0.054401
529,0.395022
530,0.785785
531,0.105559
532,0.693285
533,0.14416
534,0.23909
535,0.049976
536,0.958994
537,0.119178
538,0.910104
539,0.237258
540,0.150504
541,0.270939
542,0.591924
543,0.698712
544,0.884811
545,0.811722
546,0.905264
547,0.373062
548,0.916815
549,0.898774
550,0.738685
551,0.393391
552,0.080697
553,0.319816
554,0.044846
555,0.795342
556,0.234003
557,0.573082
558,0.896308
559,0.921231
560,0.932781
561,0.839536
562,0.365826
563,0.336236
564,0.187288
565,0.214385
566,0.468438
567,0.808879
568,0.802107
569,0.386754
570,0.437585
571,0.914233
572,0.117377
573,0.885385
574,0.188053
575,0.339362
576,0.840971
577,0.338537
578,0.846835
579,0.246022
580,0.471378
581,0.910104
582,0.155822
583,0.907172
584,0.813032
585,0.565281
586,0.952411
587,0.072965
588,0.107536
589,0.915706
590,0.886318
591,0.033877
592,0.956424
593,0.963475
594,0.938954
595,0.129441
596,0.148486
597,0.872283
598,0.936066
599,0.822402
600,0.106807
601,0.481069
602,0.89171
603,0.832701
604,0.555633
605,0.119444
606,0.873934
607,0.138934
608,0.250408
609,0.553362
610,0.685355
611,0.877965
612,0.364689
613,0.508547
614,0.882214
615,0.688235
616,0.647281
617,0.841861
618,0.036832
619,0.802762
620,0.675605
621,0.854991
622,0.379074
623,0.132748
624,0.068572
625,0.938874
626,0.07207
627,0.714243
628,0.124553
629,0.077317
630,0.091155
631,0.261008
632,0.899593
633,0.788097
634,0.889151
635,0.957021
636,0.903714
637,0.299171
638,0.5507
639,0.5
640,0.203298
641,0.116748
642,0.163329
643,0.084992
644,0.101395
645,0.28054
646,0.116299
647,0.958166
648,0.646735
649,0.580999
650,0.900563
651,0.17075
652,0.201434
653,0.127077
654,0.142164
655,0.941217
656,0.523774
657,0.678711
658,0.64
659,0.087191
660,0.153809
661,0.768199
662,0.173994
663,0.866003
664,0.887343
665,0.537978
666,0.246975
667,0.850269
668,0.537765
669,0.647902
670,0.24141
671,0.841553
672,0.857033
673,0.702942
674,0.890205
675,0.441623
676,0.136254
677,0.321627
678,0.625575
679,0.061044
680,0.271631
681,0.680098
682,0.137051
683,0.958205
684,0.795928
685,0.222245
686,0.545701
687,0.89623
688,0.059997
689,0.703963
690,0.741854
691,0.787944
692,0.831662
693,0.891453
694,0.100087
695,0.791992
696,0.905536
697,0.266915
698,0.898978
699,0.90275
700,0.451284
701,0.456696
702,0.86038
703,0.45689
704,0.848174
705,0.551967
706,0.484777
707,0.810556
708,0.851965
709,0.921819
710,0.070509
711,0.88103
712,0.409868
713,0.189724
714,0.911939
715,0.620539
716,0.296474
717,0.957583
718,0.817717
719,0.516963
720,0.941349
721,0.737493
722,0.857654
723,0.557864
724,0.571221
725,0.08383
726,0.197575
727,0.108269
728,0.182997
729,0.536136
730,0.682473
731,0.863417
732,0.718703
733,0.092541
734,0.305352
735,0.150134
736,0.132167
737,0.344014
738,0.842637
739,0.931479
740,0.583869
741,0.818972
742,0.18105
743,0.859001
744,0.710373
745,0.086413
746,0.196528
747,0.467321
748,0.671332
749,0.642206
750,0.098977
751,0.854266
752,0.823742
753,0.797689
754,0.886933
755,0.82189
756,0.847032
757,0.270795
758,0.914279
759,0.85397
760,0.864548
761,0.757259
762,0.885593
763,0.86819
764,0.764251
765,0.137884
766,0.391209
767,0.807297
768,0.703731
769,0.78608
770,0.061127
771,0.33961
772,0.232626
773,0.260756
774,0.81368
775,0.897802
776,0.280263
777,0.715103
778,0.335856
779,0.851331
780,0.859417
781,0.707887
782,0.062598
783,0.883007
784,0.118058
785,0.952311
786,0.473157
787,0.405465
788,0.187164
789,0.05257
790,0.149501
791,0.030929
792,0.217606
793,0.150798
794,0.59801
795,0.925792
796,0.838934
797,0.377645
798,0.682675
799,0.961955
800,0.085107
801,0.434885
802,0.812961
803,0.921348
804,0.964651
805,0.356994
806,0.166116
807,0.171836
808,0.083305
809,0.266408
810,0.599344
811,0.848582
812,0.729411
813,0.963571
814,0.138701
815,0.477691
816,0.304021
817,0.860846
818,0.734364
819,0.770045
820,0.082738
821,0.64467
822,0.030865
823,0.059468
824,0.681518
825,0.931368
826,0.658342
827,0.809069
828,0.730265
829,0.916853
830,0.859055
831,0.853623
832,0.292887
833,0.712525
834,0.103021
835,0.392507
836,0.787828
837,0.254604
838,0.689327
839,0.832751
840,0.770389
841,0.037081
842,0.146625
843,0.073095
844,0.906109
845,0.833252
846,0.822351
847,0.660801
848,0.090379
849,0.22488
850,0.608076
851,0.954084
852,0.890919
853,0.079319
854,0.777666
855,0.287444
856,0.821852
857,0.890278
858,0.147366
859,0.134706
860,0.844019
861,0.878268
862,0.614845
863,0.768625
864,0.346098
865,0.07699
866,0.809097
867,0.597466
868,0.911223
869,0.753846
870,0.707842
871,0.555707
872,0.805569
873,0.294639
874,0.917002
875,0.668296
876,0.458304
877,0.865723
878,0.911024
879,0.175926
880,0.837328
881,0.551753
882,0.899992
883,0.119939
884,0.176806
885,0.171753
886,0.717647
887,0.784327
888,0.136488
889,0.074172
890,0.716578
891,0.773593
892,0.902876
893,0.456931
894,0.775009
895,0.648649
896,0.860287
897,0.567221
898,0.079605
899,0.912717
900,0.040462
901,0.434915
902,0.085347
903,0.924379
904,0.955488
905,0.370165
906,0.187628
907,0.634928
908,0.876461
909,0.20219
910,0.342497
911,0.704116
912,0.946099
913,0.710604
914,0.86559
915,0.853284
916,0.101093
917,0.334422
918,0.586502
919,0.085508
920,0.446687
921,0.602969
922,0.060038
923,0.374097
924,0.949842
925,0.796804
926,0.2222
927,0.394027
928,0.05137
929,0.909079
930,0.086367
931,0.099308
932,0.046395
933,0.885033
934,0.798785
935,0.205074
936,0.876927
937,0.725783
938,0.939343
939,0.122172
940,0.85929
941,0.439942
942,0.058888
943,0.2586
944,0.801793
945,0.451099
946,0.388904
947,0.725763
948,0.072566
949,0.643924
950,0.89405
951,0.445801
952,0.102225
953,0.074983
954,0.084835
955,0.095954
956,0.756234
957,0.249755
958,0.118399
959,0.14248
960,0.617579
961,0.864755
962,0.356973
963,0.638474
964,0.145486
965,0.778021
966,0.155322
967,0.761034
968,0.141525
969,0.107872
970,0.270175
971,0.245709
972,0.948986
973,0.910905
974,0.77716
975,0.699441
976,0.861473
977,0.112607
978,0.837027
979,0.306162
980,0.194627
981,0.119752
982,0.741354
983,0.898837
984,0.703658
985,0.091456
986,0.814366
987,0.860657
988,0.096392
989,0.467329
990,0.92448
991,0.150862
992,0.645582
993,0.098892
994,0.330839
995,0.886145
996,0.391438
997,0.103212
998,0.862871
999,0.713011
1000,0.117475
1001,0.494615
1002,0.909019
1003,0.211468
1004,0.937748
1005,0.200305
1006,0.697681
1007,0.832214
1008,0.514041
1009,0.181003
1010,0.479209
1011,0.128378
1012,0.221443
1013,0.340638
1014,0.33744
1015,0.875705
1016,0.434885
1017,0.818845
1018,0.830133
1019,0.176345
1020,0.531466
1021,0.798656
1022,0.848095
1023,0.575822
1024,0.61188
1025,0.448589
1026,0.243436
1027,0.842994
1028,0.889464
1029,0.881936
1030,0.728314
1031,0.577456
1032,0.907979
1033,0.066176
1034,0.849287
1035,0.249736
1036,0.468856
1037,0.876404
1038,0.629799
1039,0.150974
1040,0.349002
1041,0.962643
1042,0.916698
1043,0.331779
1044,0.434899
1045,0.957274
1046,0.898116
1047,0.610324
1048,0.391912
1049,0.835651
1050,0.179052
1051,0.409731
1052,0.941116
1053,0.772907
1054,0.873523
1055,0.78949
1056,0.10117
1057,0.813884
1058,0.243341
1059,0.292804
1060,0.133354
1061,0.170846
1062,0.821406
1063,0.099587
1064,0.584311
1065,0.406592
1066,0.48072
1067,0.76752
1068,0.435781
1069,0.145024
1070,0.206727
1071,0.895801
1072,0.918757
1073,0.893193
1074,0.74585
1075,0.855982
1076,0.85918
1077,0.434621
1078,0.965968
1079,0.915154
1080,0.648398
1081,0.229278
1082,0.60525
1083,0.743844
1084,0.075146
1085,0.3158
1086,0.131286
1087,0.879426
1088,0.872665
1089,0.092252
1090,0.521917
1091,0.966325
1092,0.898066
1093,0.878118
1094,0.959303
1095,0.672433
1096,0.80323
1097,0.337675
1098,0.227758
1099,0.917819
1100,0.236463
1101,0.855722
1102,0.940286
1103,0.124923
1104,0.209783
1105,0.949058
1106,0.479356
1107,0.077105
1108,0.095078
1109,0.851994
1110,0.058553
1111,0.845864
1112,0.88469
1113,0.123282
1114,0.85826
1115,0.064206
1116,0.537549
1117,0.08885
1118,0.067663
1119,0.268033
1120,0.793603
1121,0.547048
1122,0.610256
1123,0.202153
1124,0.193202
1125,0.954045
1126,0.141643
1127,0.669853
1128,0.434202
1129,0.075408
1130,0.191673
1131,0.595369
1132,0.87187
1133,0.657799
1134,0.302472
1135,0.150473
1136,0.699652
1137,0.413207
1138,0.439209
1139,0.56613
1140,0.225119
1141,0.642097
1142,0.332004
1143,0.786698
1144,0.314632
1145,0.845473
1146,0.538578
1147,0.175014
1148,0.592558
1149,0.978538
1150,0.749544
1151,0.708371
1152,0.057753
1153,0.835165
1154,0.895912
1155,0.700298
1156,0.064239
1157,0.286157
1158,0.027297
1159,0.959651
1160,0.567817
1161,0.79674
1162,0.936978
1163,0.20874
1164,0.580653
1165,0.129624
1166,0.927631
1167,0.168646
1168,0.862008
1169,0.1821
1170,0.868378
1171,0.695109
1172,0.243454
1173,0.793733
1174,0.712191
1175,0.08604
1176,0.821539
1177,0.88844
1178,0.361873
1179,0.140995
1180,0.932251
1181,0.83911
1182,0.869118
1183,0.129733
1184,0.840429
1185,0.536024
1186,0.253527
1187,0.199328
1188,0.937359
1189,0.200278
1190,0.089421
1191,0.481479
1192,0.916677
1193,0.371176
1194,0.73343
1195,0.053926
1196,0.872096
1197,0.903551
1198,0.909099
1199,0.511004
1200,0.793422
1201,0.81007
1202,0.903832
1203,0.330958
1204,0.444999
1205,0.694838
1206,0.256937
1207,0.776499
1208,0.108957
1209,0.908697
1210,0.124595
1211,0.67014
1212,0.093201
1213,0.447236
1214,0.701996
1215,0.743797
1216,0.230783
1217,0.886315
1218,0.580271
1219,0.429723
1220,0.540053
1221,0.966792
1222,0.711014
1223,0.742041
1224,0.661071
1225,0.234172
1226,0.863949
1227,0.842616
1228,0.932301
1229,0.565863
1230,0.874839
1231,0.772208
1232,0.86335
1233,0.303225
1234,0.372004
1235,0.715475
1236,0.25728
1237,0.871873
1238,0.522411
1239,0.268522
1240,0.933897
1241,0.387912
1242,0.060304
1243,0.02921
1244,0.744467
1245,0.16135
1246,0.104748
1247,0.124458
1248,0.870452
1249,0.645921
1250,0.073876
1251,0.397985
1252,0.652948
1253,0.439878
1254,0.657493
1255,0.30347
1256,0.775548
1257,0.645443
1258,0.878582
1259,0.934758
1260,0.918296
1261,0.887658
1262,0.785057
1263,0.676854
1264,0.881199
1265,0.833506
1266,0.959871
1267,0.674078
1268,0.141809
1269,0.162616
1270,0.170325
1271,0.95399
1272,0.72919
1273,0.80844
1274,0.797816
1275,0.310059
1276,0.866304
1277,0.818591
1278,0.913161
1279,0.826625
1280,0.909829
1281,0.828781
1282,0.727784
1283,0.068959
1284,0.633147
1285,0.88342
1286,0.418875
1287,0.432511
1288,0.67532
1289,0.911104
1290,0.883938
1291,0.700178
1292,0.119226
1293,0.86086
1294,0.728277
1295,0.136277
1296,0.093542
1297,0.654491
1298,0.895393
1299,0.250954
1300,0.198262
1301,0.155238
1302,0.869141
1303,0.730707
1304,0.2567
1305,0.870616
1306,0.772093
1307,0.834512
1308,0.793231
1309,0.882176
1310,0.769658
1311,0.927119
1312,0.223342
1313,0.741729
1314,0.64683
1315,0.800057
1316,0.456856
1317,0.102468
1318,0.037845
1319,0.232565
1320,0.773121
1321,0.255542
1322,0.06106
1323,0.759304
1324,0.562385
1325,0.945747
1326,0.5
1327,0.098773
1328,0.11895
1329,0.832617
1330,0.197684
1331,0.794611
1332,0.706672
1333,0.452701
1334,0.796311
1335,0.718427
1336,0.348293
1337,0.208152
1338,0.494334
1339,0.158762
1340,0.954336
1341,0.938318
1342,0.895668
1343,0.913606
1344,0.880041
1345,0.872938
1346,0.327882
1347,0.822836
1348,0.931708
1349,0.915429
1350,0.918795
1351,0.131631
1352,0.867828
1353,0.925762
1354,0.825502
1355,0.318194
1356,0.700926
1357,0.221704
1358,0.174608
1359,0.878505
1360,0.5
1361,0.587918
1362,0.578356
1363,0.845886
1364,0.890617
1365,0.776976
1366,0.853544
1367,0.804421
1368,0.927002
1369,0.736574
1370,0.866894
1371,0.902215
1372,0.941955
1373,0.060752
1374,0.339132
1375,0.291723
1376,0.870352
1377,0.806395
1378,0.14796
1379,0.433891
1380,0.875208
1381,0.753538
1382,0.618159
1383,0.507433
1384,0.07414
1385,0.82571
1386,0.895494
1387,0.772177
1388,0.03769
1389,0.909979
1390,0.812292
1391,0.35526
1392,0.870713
1393,0.871274
1394,0.723062
1395,0.422779
1396,0.184108
1397,0.132968
1398,0.536757
1399,0.623212
1400,0.799487
1401,0.929239
1402,0.806852
1403,0.053456
1404,0.120339
1405,0.83981
1406,0.053604
1407,0.951299
1408,0.861028
1409,0.730986
1410,0.15701
1411,0.319404
1412,0.726649
1413,0.886372
1414,0.672171
1415,0.066475
1416,0.378732
1417,0.926483
1418,0.376751
1419,0.864159
1420,0.087349
1421,0.695831
1422,0.871121
1423,0.329941
1424,0.292624
1425,0.533025
1426,0.059518
1427,0.050066
1428,0.254789
1429,0.760822
1430,0.408854
1431,0.451882
1432,0.139278
1433,0.223787
1434,0.796516
1435,0.323231
1436,0.265949
1437,0.95662
1438,0.126553
1439,0.920627
1440,0.767585
1441,0.360047
1442,0.439088
1443,0.168455
1444,0.149363
1445,0.248046
1446,0.07287
1447,0.339258
1448,0.952065
1449,0.74122
1450,0.655947
1451,0.192835
1452,0.38602
1453,0.628224
1454,0.653628
1455,0.685093
1456,0.802438
1457,0.518113
1458,0.633293
1459,0.408616
1460,0.444363
1461,0.711034
1462,0.654402
1463,0.839923
1464,0.852908
1465,0.119824
1466,0.908524
1467,0.168892
1468,0.563745
1469,0.872317
1470,0.871966
1471,0.482478
1472,0.705526
1473,0.163012
1474,0.136387
1475,0.444496
1476,0.912129
1477,0.16884
1478,0.388093
1479,0.856162
1480,0.089108
1481,0.37487
1482,0.836059
1483,0.755502
1484,0.330351
1485,0.031571
1486,0.229724
1487,0.129092
1488,0.136359
1489,0.880626
1490,0.743858
1491,0.292564
1492,0.796607
1493,0.442887
1494,0.738808
1495,0.892956
1496,0.158743
1497,0.911216
1498,0.144261
1499,0.765721
1500,0.140028
1501,0.369179
1502,0.461147
1503,0.565297
1504,0.673218
1505,0.086935
1506,0.448272
1507,0.893117
1508,0.715021
1509,0.860873
1510,0.934555
1511,0.834009
1512,0.85518
1513,0.279726
1514,0.085041
1515,0.072223
1516,0.175529
1517,0.764399
1518,0.478146
1519,0.053037
1520,0.231793
1521,0.908723
1522,0.227461
1523,0.070022
1524,0.872937
1525,0.052982
1526,0.409208
1527,0.783058
1528,0.944691
1529,0.347428
1530,0.690223
1531,0.580446
1532,0.831616
1533,0.118868
1534,0.704799
1535,0.584646
1536,0.388366
1537,0.192966
1538,0.765461
1539,0.855618
1540,0.756471
1541,0.877239
1542,0.050293
1543,0.92479
1544,0.748086
1545,0.835625
1546,0.633176
1547,0.866979
1548,0.707345
1549,0.5
1550,0.9274
1551,0.834158
1552,0.793272
1553,0.906137
1554,0.813892
1555,0.851497
1556,0.653276
1557,0.764888
1558,0.849906
1559,0.873195
1560,0.547778
1561,0.434885
1562,0.119699
1563,0.53749
1564,0.821942
1565,0.430742
1566,0.868269
1567,0.182355
1568,0.822278
1569,0.862931
1570,0.879714
1571,0.804963
1572,0.901789
1573,0.314695
1574,0.084636
1575,0.833192
1576,0.825138
1577,0.842552
1578,0.880071
1579,0.846018
1580,0.892206
1581,0.300198
1582,0.919977
1583,0.932871
1584,0.754576
1585,0.168528
1586,0.88195
1587,0.896209
1588,0.336235
1589,0.074762
1590,0.043826
1591,0.81999
1592,0.947036
1593,0.193398
1594,0.651767
1595,0.81538
1596,0.702288
1597,0.792447
1598,0.790976
1599,0.394142
1600,0.889245
1601,0.240383
1602,0.125445
1603,0.970018
1604,0.137536
1605,0.147104
1606,0.919091
1607,0.10666
1608,0.858784
1609,0.782858
1610,0.877627
1611,0.775057
1612,0.963668
1613,0.158311
1614,0.5
1615,0.416746
1616,0.158486
1617,0.653167
1618,0.950529
1619,0.949078
1620,0.103188
1621,0.868152
1622,0.704958
1623,0.936424
1624,0.832198
1625,0.172551
1626,0.078754
1627,0.475459
1628,0.731076
1629,0.112123
1630,0.587239
1631,0.439605
1632,0.707897
1633,0.460563
1634,0.425336
1635,0.2396
1636,0.854365
1637,0.872465
1638,0.164811
1639,0.806897
1640,0.375951
1641,0.858281
1642,0.785624
1643,0.098656
1644,0.933534
1645,0.631194
1646,0.822325
1647,0.815689
1648,0.386611
1649,0.466337
1650,0.842756
1651,0.948512
1652,0.552698
1653,0.803005
1654,0.099721
1655,0.915741
1656,0.599855
1657,0.905597
1658,0.265938
1659,0.888174
1660,0.146584
1661,0.190602
1662,0.089246
1663,0.683057
1664,0.728795
1665,0.518877
1666,0.722299
1667,0.650474
1668,0.754201
1669,0.686994
1670,0.180785
1671,0.883405
1672,0.428047
1673,0.165497
1674,0.518795
1675,0.817885
1676,0.074475
1677,0.799002
1678,0.40162
1679,0.5
1680,0.815604
1681,0.154265
1682,0.911593
1683,0.77305
1684,0.808188
1685,0.219488
1686,0.888107
1687,0.4649
1688,0.166512
1689,0.788199
1690,0.652203
1691,0.100445
1692,0.36517
1693,0.444962
1694,0.572968
1695,0.080681
1696,0.969339
1697,0.145252
1698,0.051799
1699,0.045728
1700,0.887803
1701,0.892846
1702,0.069077
1703,0.686255
1704,0.285746
1705,0.434899
1706,0.864289
1707,0.139929
1708,0.753286
1709,0.268258
1710,0.206785
1711,0.679417
1712,0.070584
1713,0.25291
1714,0.230527
1715,0.068235
1716,0.604446
1717,0.867442
1718,0.954704
1719,0.241591
1720,0.156977
1721,0.102766
1722,0.715756
1723,0.688048
1724,0.291513
1725,0.917423
1726,0.938449
1727,0.333953
1728,0.922374
1729,0.809868
1730,0.556545
1731,0.234281
1732,0.907376
1733,0.860916
1734,0.67906
1735,0.96326
1736,0.073752
1737,0.921243
1738,0.94543
1739,0.972679
1740,0.77844
1741,0.893335
1742,0.62487
1743,0.448582
1744,0.151528
1745,0.238439
1746,0.059514
1747,0.922238
1748,0.926696
1749,0.307323
1750,0.898117
1751,0.872496
1752,0.434694
1753,0.235698
1754,0.068312
1755,0.893292
1756,0.446603
1757,0.124049
1758,0.913376
1759,0.970512
1760,0.759628
1761,0.958342
1762,0.431184
1763,0.361724
1764,0.926972
1765,0.894975
1766,0.507527
1767,0.440078
1768,0.949357
1769,0.761062
1770,0.771669
1771,0.882772
1772,0.924204
1773,0.322082
1774,0.206603
1775,0.929449
1776,0.083467
1777,0.768951
1778,0.118833
1779,0.453221
1780,0.850607
1781,0.730937
1782,0.250135
1783,0.832539
1784,0.619663
1785,0.029414
1786,0.574587
1787,0.3384
1788,0.199659
1789,0.25371
1790,0.369835
1791,0.852113
1792,0.888548
1793,0.100456
1794,0.125752
1795,0.939636
1796,0.467602
1797,0.736672
1798,0.772576
1799,0.293682
1800,0.938225
1801,0.254387
1802,0.087185
1803,0.36222
1804,0.932917
1805,0.588892
1806,0.803854
1807,0.333624
1808,0.628809
1809,0.910075
1810,0.919678
1811,0.415554
1812,0.792978
1813,0.679845
1814,0.90301
1815,0.376762
1816,0.891012
1817,0.413742
1818,0.864639
1819,0.262132
1820,0.148447
1821,0.13563
1822,0.916915
1823,0.907653
1824,0.867258
1825,0.717797
1826,0.698003
1827,0.876029
1828,0.526185
1829,0.95149
1830,0.53177
1831,0.239542
1832,0.475474
1833,0.636288
1834,0.421824
1835,0.790978
1836,0.24763
1837,0.141294
1838,0.798681
1839,0.735307
1840,0.119826
1841,0.819912
1842,0.84943
1843,0.144001
1844,0.920563
1845,0.131466
1846,0.562626
1847,0.262383
1848,0.184986
1849,0.436536
1850,0.883546
1851,0.16598
1852,0.389008
1853,0.949503
1854,0.838893
1855,0.946455
1856,0.256189
1857,0.099985
1858,0.31562
1859,0.90649
1860,0.786465
1861,0.077523
1862,0.41932
1863,0.872569
1864,0.372844
1865,0.890165
1866,0.855858
1867,0.906216
1868,0.969211
1869,0.483615
1870,0.910496
1871,0.91453
1872,0.564198
1873,0.19983
1874,0.099928
1875,0.552297
1876,0.081494
1877,0.074607
1878,0.765837
1879,0.699506
1880,0.416918
1881,0.136471
1882,0.772361
1883,0.12279
1884,0.8319
1885,0.154979
1886,0.87232
1887,0.94642
1888,0.837679
1889,0.086364
1890,0.816561
1891,0.719809
1892,0.682106
1893,0.26316
1894,0.485043
1895,0.891086
1896,0.879418
1897,0.606515
1898,0.837202
1899,0.131773
1900,0.894121
1901,0.705199
1902,0.20097
1903,0.127029
1904,0.157914
1905,0.079191
1906,0.535913
1907,0.239916
1908,0.904567
1909,0.370823
1910,0.10847
1911,0.889948
1912,0.071992
1913,0.838974
1914,0.875654
1915,0.226483
1916,0.187309
1917,0.202854
1918,0.621399
1919,0.478609
1920,0.82452
1921,0.521025
1922,0.186793
1923,0.215876
1924,0.817644
1925,0.456372
1926,0.263763
1927,0.912303
1928,0.72238
1929,0.104255
1930,0.095369
1931,0.189725
1932,0.102609
1933,0.897381
1934,0.171376
1935,0.126369
1936,0.152473
1937,0.928433
1938,0.740677
1939,0.644533
1940,0.971415
1941,0.941899
1942,0.5
1943,0.631766
1944,0.088263
1945,0.449311
1946,0.399303
1947,0.697171
1948,0.133399
1949,0.896827
1950,0.75969
1951,0.095076
1952,0.87755
1953,0.337237
1954,0.72666
1955,0.226581
1956,0.113851
1957,0.121264
1958,0.872687
1959,0.870398
1960,0.130727
1961,0.091182
1962,0.323194
1963,0.720112
1964,0.224927
1965,0.113141
1966,0.86874
1967,0.216613
1968,0.847032
1969,0.198748
1970,0.861485
1971,0.631678
1972,0.897485
1973,0.644616
1974,0.88391
1975,0.880579
1976,0.163468
1977,0.83778
1978,0.05453
1979,0.900307
1980,0.821825
1981,0.059585
1982,0.584193
1983,0.061818
1984,0.114784
1985,0.931942
1986,0.410325
1987,0.840241
1988,0.801462
1989,0.789207
1990,0.215
1991,0.881607
1992,0.817654
1993,0.210514
1994,0.343173
1995,0.948472
1996,0.866135
1997,0.90498
1998,0.5
1999,0.660736
2000,0.446861
2001,0.881861
2002,0.468012
2003,0.918702
2004,0.842737
2005,0.454611
2006,0.103639
2007,0.949662
2008,0.110104
2009,0.216967
2010,0.131907
2011,0.568655
2012,0.779046
2013,0.456424
2014,0.885552
2015,0.801865
2016,0.156562
2017,0.435137
2018,0.474309
2019,0.872691
2020,0.187
2021,0.873334
2022,0.314678
2023,0.222815
2024,0.432976
2025,0.21006
2026,0.09003
2027,0.229017
2028,0.126062
2029,0.895344
2030,0.438482
2031,0.888781
2032,0.5
2033,0.084228
2034,0.85455
2035,0.770595
2036,0.100521
2037,0.429924
2038,0.785895
2039,0.825208
2040,0.433718
2041,0.423992
2042,0.392552
2043,0.275899
2044,0.198486
2045,0.613129
2046,0.897595
2047,0.96583
2048,0.428301
2049,0.093937
2050,0.060183
2051,0.941088
2052,0.880047
2053,0.226374
2054,0.673257
2055,0.680853
2056,0.927808
2057,0.808317
2058,0.787579
2059,0.179952
2060,0.308034
2061,0.969456
2062,0.808739
2063,0.095936
2064,0.198681
2065,0.426203
2066,0.631368
2067,0.768517
2068,0.805346
2069,0.902226
2070,0.412923
2071,0.409468
2072,0.786576
2073,0.874802
2074,0.211792
2075,0.870212
2076,0.148515
2077,0.84598
2078,0.882357
2079,0.798923
2080,0.967309
2081,0.409553
2082,0.837457
2083,0.872838
2084,0.093767
2085,0.157262
2086,0.093468
2087,0.276785
2088,0.571788
2089,0.134916
2090,0.24651
2091,0.861559
2092,0.173016
2093,0.93647
2094,0.81244
2095,0.311591
2096,0.951533
2097,0.822588
2098,0.805075
2099,0.762037
2100,0.687815
2101,0.191253
2102,0.75167
2103,0.759956
2104,0.676547
2105,0.171583
2106,0.884093
2107,0.803752
2108,0.649444
2109,0.602528
2110,0.743242
2111,0.169119
2112,0.80931
2113,0.156419
2114,0.132787
2115,0.158166
2116,0.838922
2117,0.069519
2118,0.16635
2119,0.875694
2120,0.819452
2121,0.777427
2122,0.739366
2123,0.121403
2124,0.910478
2125,0.226143
2126,0.85726
2127,0.636537
2128,0.875332
2129,0.203492
2130,0.86562
2131,0.258198
2132,0.435679
2133,0.666607
2134,0.38728
2135,0.187612
2136,0.734967
2137,0.88133
2138,0.841736
2139,0.09353
2140,0.141977
2141,0.702385
2142,0.23292
2143,0.237567
2144,0.225132
2145,0.860015
2146,0.926578
2147,0.477584
2148,0.209762
2149,0.440801
2150,0.186905
2151,0.138851
2152,0.22851
2153,0.756663
2154,0.771852
2155,0.043641
2156,0.139011
2157,0.476285
2158,0.480734
2159,0.855691
2160,0.870849
2161,0.889774
2162,0.661625
2163,0.794054
2164,0.358425
2165,0.860761
2166,0.789186
2167,0.106561
2168,0.060117
2169,0.810983
2170,0.798065
2171,0.755169
2172,0.193982
2173,0.091968
2174,0.102482
2175,0.86515
2176,0.165574
2177,0.181609
2178,0.695724
2179,0.901183
2180,0.779863
2181,0.206501
2182,0.662599
2183,0.057028
2184,0.466367
2185,0.438813
2186,0.079019
2187,0.904131
2188,0.383855
2189,0.662516
2190,0.137736
2191,0.430216
2192,0.475639
2193,0.398924
2194,0.137922
2195,0.251305
2196,0.257853
2197,0.333446
2198,0.903619
2199,0.814233
2200,0.632184
2201,0.886314
2202,0.2386
2203,0.709705
2204,0.110655
2205,0.397821
2206,0.370731
2207,0.947573
2208,0.154284
2209,0.096957
2210,0.837626
2211,0.694125
2212,0.910421
2213,0.651476
2214,0.905485
2215,0.596384
2216,0.849358
2217,0.418005
2218,0.761932
2219,0.916317
2220,0.150114
2221,0.679385
2222,0.858913
2223,0.084927
2224,0.061614
2225,0.557628
2226,0.337797
2227,0.904016
2228,0.123378
2229,0.784679
2230,0.754633
2231,0.040118
2232,0.924854
2233,0.53065
2234,0.103986
2235,0.104567
2236,0.084361
2237,0.408134
2238,0.928691
2239,0.180102
2240,0.901969
2241,0.932174
2242,0.410782
2243,0.948501
2244,0.835738
2245,0.359583
2246,0.650928
2247,0.637348
2248,0.802938
2249,0.360819
2250,0.152792
2251,0.126778
2252,0.30874
2253,0.914095
2254,0.711706
2255,0.720068
2256,0.088989
2257,0.847583
2258,0.559538
2259,0.833985
2260,0.864912
2261,0.142432
2262,0.172603
2263,0.19366
2264,0.935556
2265,0.848852
2266,0.415071
2267,0.871046
2268,0.092646
2269,0.255606
2270,0.96175
2271,0.359419
2272,0.659225
2273,0.380758
2274,0.703351
2275,0.857032
2276,0.035272
2277,0.744436
2278,0.320187
2279,0.128496
2280,0.207107
2281,0.311251
2282,0.206735
2283,0.127073
2284,0.174145
2285,0.5
2286,0.445372
2287,0.89577
2288,0.791324
2289,0.812095
2290,0.849249
2291,0.609378
2292,0.906359
2293,0.782354
2294,0.842138
2295,0.071358
2296,0.605138
2297,0.743896
2298,0.212795
2299,0.970077
2300,0.207511
2301,0.783139
2302,0.85508
2303,0.750473
2304,0.443551
2305,0.745832
2306,0.70504
2307,0.269578
2308,0.887214
2309,0.935888
2310,0.12185
2311,0.652909
2312,0.907592
2313,0.897883
2314,0.397805
2315,0.5
2316,0.041511
2317,0.703982
2318,0.92312
2319,0.344755
2320,0.844729
2321,0.64044
2322,0.187294
2323,0.945669
2324,0.252149
2325,0.782423
2326,0.858743
2327,0.896432
2328,0.10436
2329,0.440345
2330,0.450895
2331,0.169397
2332,0.754848
2333,0.434238
2334,0.767572
2335,0.958464
2336,0.182374
2337,0.83991
2338,0.214789
2339,0.867576
2340,0.858089
2341,0.914905
2342,0.917143
2343,0.365625
2344,0.842488
2345,0.703962
2346,0.553763
2347,0.633285
2348,0.256781
2349,0.152418
2350,0.830807
2351,0.14763
2352,0.313789
2353,0.296772
2354,0.402543
2355,0.1322
2356,0.845005
2357,0.230368
2358,0.948991
2359,0.457126
2360,0.875784
2361,0.273084
2362,0.821836
2363,0.077144
2364,0.570006
2365,0.88137
2366,0.750092
2367,0.43784
2368,0.940826
2369,0.794362
2370,0.586598
2371,0.806347
2372,0.28341
2373,0.422365
2374,0.204296
2375,0.902917
2376,0.204607
2377,0.089831
2378,0.049046
2379,0.90464
2380,0.093646
2381,0.105763
2382,0.920719
2383,0.295698
2384,0.121379
2385,0.622505
2386,0.824868
2387,0.188115
2388,0.757638
2389,0.584373
2390,0.950095
2391,0.191087
2392,0.866605
2393,0.857658
2394,0.15675
2395,0.739376
2396,0.059656
2397,0.054306
2398,0.64625
2399,0.866928
2400,0.720132
2401,0.553034
2402,0.483462
2403,0.824056
2404,0.930741
2405,0.855464
2406,0.396861
2407,0.918966
2408,0.943785
2409,0.700821
2410,0.889462
2411,0.39945
2412,0.963329
2413,0.176741
2414,0.094116
2415,0.650466
2416,0.73998
2417,0.888631
2418,0.114521
2419,0.12207
2420,0.070965
2421,0.434885
2422,0.702916
2423,0.962225
2424,0.388782
2425,0.821252
2426,0.109321
2427,0.915579
2428,0.751574
2429,0.848507
2430,0.646118
2431,0.345959
2432,0.661246
2433,0.365312
2434,0.128031
2435,0.767945
2436,0.143623
2437,0.119818
2438,0.898951
2439,0.901923
2440,0.975758
2441,0.208718
2442,0.094923
2443,0.761128
2444,0.837976
2445,0.611453
2446,0.877096
2447,0.061703
2448,0.369137
2449,0.131555
2450,0.211182
2451,0.143871
2452,0.093902
2453,0.915436
2454,0.049094
2455,0.113591
2456,0.780601
2457,0.398365
2458,0.120122
2459,0.940439
2460,0.724045
2461,0.855198
2462,0.941443
2463,0.911412
2464,0.462808
2465,0.863966
2466,0.896436
2467,0.110752
2468,0.712225
2469,0.150364
2470,0.919136
2471,0.772696
2472,0.553243
2473,0.317823
2474,0.249297
2475,0.847416
2476,0.113223
2477,0.132102
2478,0.814502
2479,0.866902
2480,0.177121
2481,0.75473
2482,0.178293
2483,0.205687
2484,0.472237
2485,0.990522
2486,0.120854
2487,0.319136
2488,0.823916
2489,0.366465
2490,0.80423
2491,0.941445
2492,0.930464
2493,0.407607
2494,0.593837
2495,0.101771
2496,0.543717
2497,0.097826
2498,0.965559
2499,0.830608
2500,0.263321
2501,0.5023
